name,num_qubits,depth,time
qiskit_t_nn,4,10,0.06647753715515137
qiskit_t_nn,4,10,0.042075157165527344
qiskit_t_nn,4,10,0.030261754989624023
qiskit_t_nn,4,10,0.045275211334228516
qiskit_t_nn,4,10,0.034638404846191406
qiskit_t_nn,4,10,0.030142784118652344
qiskit_t_nn,4,10,0.033646345138549805
qiskit_t_nn,4,10,0.02942180633544922
qiskit_t_nn,4,10,0.030783653259277344
qiskit_t_nn,4,10,0.028033971786499023
qiskit_t_nn,4,10,0.031357526779174805
qiskit_t_nn,4,10,0.03344869613647461
qiskit_t_nn,4,10,0.03408360481262207
qiskit_t_nn,4,10,0.03200840950012207
qiskit_t_nn,4,10,0.03476572036743164
qiskit_t_nn,4,10,0.03295612335205078
qiskit_t_nn,4,10,0.03158068656921387
qiskit_t_nn,4,10,0.03084564208984375
qiskit_t_nn,4,10,0.030848979949951172
qiskit_t_nn,4,10,0.03116464614868164
qiskit_t_nn,4,10,0.034049272537231445
qiskit_t_nn,4,10,0.03052234649658203
qiskit_t_nn,4,10,0.034215450286865234
qiskit_t_nn,4,10,0.0337677001953125
qiskit_t_nn,4,10,0.033416748046875
qiskit_t_nn,4,10,0.040839433670043945
qiskit_t_nn,4,10,0.030750751495361328
qiskit_t_nn,4,10,0.03409433364868164
qiskit_t_nn,4,10,0.02634716033935547
qiskit_t_nn,4,10,0.03336644172668457
qiskit_t_nn,4,10,0.02812647819519043
qiskit_t_nn,4,10,0.034746646881103516
qiskit_t_nn,4,10,0.032442569732666016
qiskit_t_nn,4,10,0.030609130859375
qiskit_t_nn,4,10,0.030177831649780273
qiskit_t_nn,4,10,0.026193857192993164
qiskit_t_nn,4,10,0.030900239944458008
qiskit_t_nn,4,10,0.029022216796875
qiskit_t_nn,4,10,0.03275418281555176
qiskit_t_nn,4,10,0.0264279842376709
qiskit_t_nn,4,10,0.029054641723632812
qiskit_t_nn,4,10,0.034320831298828125
qiskit_t_nn,4,10,0.029995203018188477
qiskit_t_nn,4,10,0.0294649600982666
qiskit_t_nn,4,10,0.035027503967285156
qiskit_t_nn,4,10,0.03173828125
qiskit_t_nn,4,10,0.032506704330444336
qiskit_t_nn,4,10,0.03145956993103027
qiskit_t_nn,4,10,0.03213977813720703
qiskit_t_nn,4,10,0.03133654594421387
qiskit_t_nn,4,10,0.043088436126708984
qiskit_t_nn,4,10,0.0401453971862793
qiskit_t_nn,4,10,0.03886866569519043
qiskit_t_nn,4,10,0.04045820236206055
qiskit_t_nn,4,10,0.03018045425415039
qiskit_t_nn,4,10,0.04817605018615723
qiskit_t_nn,4,10,0.029483318328857422
qiskit_t_nn,4,10,0.026967763900756836
qiskit_t_nn,4,10,0.03527951240539551
qiskit_t_nn,4,10,0.029779911041259766
qiskit_t_nn,4,10,0.03577470779418945
qiskit_t_nn,4,10,0.030017852783203125
qiskit_t_nn,4,10,0.03486943244934082
qiskit_t_nn,4,10,0.032061100006103516
qiskit_t_nn,4,10,0.04686784744262695
qiskit_t_nn,4,10,0.03093743324279785
qiskit_t_nn,4,10,0.03385734558105469
qiskit_t_nn,4,10,0.028189659118652344
qiskit_t_nn,4,10,0.03381490707397461
qiskit_t_nn,4,10,0.03368639945983887
qiskit_t_nn,4,10,0.03252458572387695
qiskit_t_nn,4,10,0.03057265281677246
qiskit_t_nn,4,10,0.030877351760864258
qiskit_t_nn,4,10,0.028130531311035156
qiskit_t_nn,4,10,0.03081679344177246
qiskit_t_nn,4,10,0.03341484069824219
qiskit_t_nn,4,10,0.031219005584716797
qiskit_t_nn,4,10,0.033629417419433594
qiskit_t_nn,4,10,0.03320455551147461
qiskit_t_nn,4,10,0.03326153755187988
qiskit_t_nn,4,10,0.033194541931152344
qiskit_t_nn,4,10,0.030879735946655273
qiskit_t_nn,4,10,0.0259702205657959
qiskit_t_nn,4,10,0.03132152557373047
qiskit_t_nn,4,10,0.02658390998840332
qiskit_t_nn,4,10,0.03355860710144043
qiskit_t_nn,4,10,0.028342247009277344
qiskit_t_nn,4,10,0.03436470031738281
qiskit_t_nn,4,10,0.030437469482421875
qiskit_t_nn,4,10,0.030265331268310547
qiskit_t_nn,4,10,0.03416705131530762
qiskit_t_nn,4,10,0.030662059783935547
qiskit_t_nn,4,10,0.030520915985107422
qiskit_t_nn,4,10,0.03244829177856445
qiskit_t_nn,4,10,0.03440976142883301
qiskit_t_nn,4,10,0.03062295913696289
qiskit_t_nn,4,10,0.0287477970123291
qiskit_t_nn,4,10,0.030467510223388672
qiskit_t_nn,4,10,0.03127884864807129
qiskit_t_nn,4,10,0.03314518928527832
qiskit_t_nn,5,10,0.05705881118774414
qiskit_t_nn,5,10,0.05738210678100586
qiskit_t_nn,5,10,0.05535244941711426
qiskit_t_nn,5,10,0.06186866760253906
qiskit_t_nn,5,10,0.057433366775512695
qiskit_t_nn,5,10,0.052234649658203125
qiskit_t_nn,5,10,0.05848956108093262
qiskit_t_nn,5,10,0.05420875549316406
qiskit_t_nn,5,10,0.058740854263305664
qiskit_t_nn,5,10,0.055426597595214844
qiskit_t_nn,5,10,0.04974722862243652
qiskit_t_nn,5,10,0.05060935020446777
qiskit_t_nn,5,10,0.05338144302368164
qiskit_t_nn,5,10,0.06708693504333496
qiskit_t_nn,5,10,0.05375814437866211
qiskit_t_nn,5,10,0.05421900749206543
qiskit_t_nn,5,10,0.06246376037597656
qiskit_t_nn,5,10,0.054849863052368164
qiskit_t_nn,5,10,0.057383060455322266
qiskit_t_nn,5,10,0.056586265563964844
qiskit_t_nn,5,10,0.06358766555786133
qiskit_t_nn,5,10,0.057734012603759766
qiskit_t_nn,5,10,0.05612778663635254
qiskit_t_nn,5,10,0.059316396713256836
qiskit_t_nn,5,10,0.058538198471069336
qiskit_t_nn,5,10,0.05469369888305664
qiskit_t_nn,5,10,0.059270620346069336
qiskit_t_nn,5,10,0.05684375762939453
qiskit_t_nn,5,10,0.05939626693725586
qiskit_t_nn,5,10,0.056229591369628906
qiskit_t_nn,5,10,0.05888700485229492
qiskit_t_nn,5,10,0.05539584159851074
qiskit_t_nn,5,10,0.05673575401306152
qiskit_t_nn,5,10,0.05432844161987305
qiskit_t_nn,5,10,0.057305335998535156
qiskit_t_nn,5,10,0.05787348747253418
qiskit_t_nn,5,10,0.05091547966003418
qiskit_t_nn,5,10,0.08049941062927246
qiskit_t_nn,5,10,0.08000588417053223
qiskit_t_nn,5,10,0.06791138648986816
qiskit_t_nn,5,10,0.07080769538879395
qiskit_t_nn,5,10,0.07522249221801758
qiskit_t_nn,5,10,0.06786751747131348
qiskit_t_nn,5,10,0.08873820304870605
qiskit_t_nn,5,10,0.06965231895446777
qiskit_t_nn,5,10,0.05858635902404785
qiskit_t_nn,5,10,0.06082868576049805
qiskit_t_nn,5,10,0.05368399620056152
qiskit_t_nn,5,10,0.05766582489013672
qiskit_t_nn,5,10,0.05277895927429199
qiskit_t_nn,5,10,0.05630922317504883
qiskit_t_nn,5,10,0.04895973205566406
qiskit_t_nn,5,10,0.05570697784423828
qiskit_t_nn,5,10,0.06127333641052246
qiskit_t_nn,5,10,0.06243300437927246
qiskit_t_nn,5,10,0.06596946716308594
qiskit_t_nn,5,10,0.06075572967529297
qiskit_t_nn,5,10,0.06457114219665527
qiskit_t_nn,5,10,0.05679178237915039
qiskit_t_nn,5,10,0.061569929122924805
qiskit_t_nn,5,10,0.04880976676940918
qiskit_t_nn,5,10,0.05355477333068848
qiskit_t_nn,5,10,0.05304861068725586
qiskit_t_nn,5,10,0.05724167823791504
qiskit_t_nn,5,10,0.04974842071533203
qiskit_t_nn,5,10,0.0542299747467041
qiskit_t_nn,5,10,0.05932044982910156
qiskit_t_nn,5,10,0.04962921142578125
qiskit_t_nn,5,10,0.05770397186279297
qiskit_t_nn,5,10,0.049246788024902344
qiskit_t_nn,5,10,0.05461478233337402
qiskit_t_nn,5,10,0.061771392822265625
qiskit_t_nn,5,10,0.08562445640563965
qiskit_t_nn,5,10,0.07341670989990234
qiskit_t_nn,5,10,0.07441282272338867
qiskit_t_nn,5,10,0.07677817344665527
qiskit_t_nn,5,10,0.07507681846618652
qiskit_t_nn,5,10,0.07682061195373535
qiskit_t_nn,5,10,0.06443214416503906
qiskit_t_nn,5,10,0.05623435974121094
qiskit_t_nn,5,10,0.053436279296875
qiskit_t_nn,5,10,0.054035186767578125
qiskit_t_nn,5,10,0.05592036247253418
qiskit_t_nn,5,10,0.05723929405212402
qiskit_t_nn,5,10,0.04940176010131836
qiskit_t_nn,5,10,0.062299251556396484
qiskit_t_nn,5,10,0.07375764846801758
qiskit_t_nn,5,10,0.05935978889465332
qiskit_t_nn,5,10,0.059859514236450195
qiskit_t_nn,5,10,0.05785036087036133
qiskit_t_nn,5,10,0.06074833869934082
qiskit_t_nn,5,10,0.053154945373535156
qiskit_t_nn,5,10,0.05739760398864746
qiskit_t_nn,5,10,0.0509033203125
qiskit_t_nn,5,10,0.056325435638427734
qiskit_t_nn,5,10,0.04903769493103027
qiskit_t_nn,5,10,0.05777907371520996
qiskit_t_nn,5,10,0.057600975036621094
qiskit_t_nn,5,10,0.06263899803161621
qiskit_t_nn,5,10,0.051666259765625
qiskit_t_nn,6,10,0.0431818962097168
qiskit_t_nn,6,10,0.05181574821472168
qiskit_t_nn,6,10,0.0643763542175293
qiskit_t_nn,6,10,0.060106754302978516
qiskit_t_nn,6,10,0.052538394927978516
qiskit_t_nn,6,10,0.052382707595825195
qiskit_t_nn,6,10,0.05009627342224121
qiskit_t_nn,6,10,0.04909372329711914
qiskit_t_nn,6,10,0.05121588706970215
qiskit_t_nn,6,10,0.05137896537780762
qiskit_t_nn,6,10,0.04979825019836426
qiskit_t_nn,6,10,0.05532646179199219
qiskit_t_nn,6,10,0.04594302177429199
qiskit_t_nn,6,10,0.04514431953430176
qiskit_t_nn,6,10,0.052414655685424805
qiskit_t_nn,6,10,0.062128305435180664
qiskit_t_nn,6,10,0.0629129409790039
qiskit_t_nn,6,10,0.053153038024902344
qiskit_t_nn,6,10,0.07323241233825684
qiskit_t_nn,6,10,0.060155391693115234
qiskit_t_nn,6,10,0.048865556716918945
qiskit_t_nn,6,10,0.06554985046386719
qiskit_t_nn,6,10,0.04627203941345215
qiskit_t_nn,6,10,0.06108570098876953
qiskit_t_nn,6,10,0.0500338077545166
qiskit_t_nn,6,10,0.0507357120513916
qiskit_t_nn,6,10,0.04452824592590332
qiskit_t_nn,6,10,0.04753398895263672
qiskit_t_nn,6,10,0.05262637138366699
qiskit_t_nn,6,10,0.06374692916870117
qiskit_t_nn,6,10,0.0495302677154541
qiskit_t_nn,6,10,0.052039146423339844
qiskit_t_nn,6,10,0.047219276428222656
qiskit_t_nn,6,10,0.04888749122619629
qiskit_t_nn,6,10,0.0609588623046875
qiskit_t_nn,6,10,0.04333019256591797
qiskit_t_nn,6,10,0.05524420738220215
qiskit_t_nn,6,10,0.054800987243652344
qiskit_t_nn,6,10,0.04583597183227539
qiskit_t_nn,6,10,0.055788278579711914
qiskit_t_nn,6,10,0.05488729476928711
qiskit_t_nn,6,10,0.0611572265625
qiskit_t_nn,6,10,0.06671905517578125
qiskit_t_nn,6,10,0.05856657028198242
qiskit_t_nn,6,10,0.06232404708862305
qiskit_t_nn,6,10,0.06772375106811523
qiskit_t_nn,6,10,0.053505897521972656
qiskit_t_nn,6,10,0.049900054931640625
qiskit_t_nn,6,10,0.054372310638427734
qiskit_t_nn,6,10,0.05615568161010742
qiskit_t_nn,6,10,0.04291415214538574
qiskit_t_nn,6,10,0.052992820739746094
qiskit_t_nn,6,10,0.04547548294067383
qiskit_t_nn,6,10,0.05120444297790527
qiskit_t_nn,6,10,0.04417538642883301
qiskit_t_nn,6,10,0.04551100730895996
qiskit_t_nn,6,10,0.04969310760498047
qiskit_t_nn,6,10,0.057794809341430664
qiskit_t_nn,6,10,0.04996919631958008
qiskit_t_nn,6,10,0.04942202568054199
qiskit_t_nn,6,10,0.04991602897644043
qiskit_t_nn,6,10,0.06214594841003418
qiskit_t_nn,6,10,0.062448740005493164
qiskit_t_nn,6,10,0.053432464599609375
qiskit_t_nn,6,10,0.04880475997924805
qiskit_t_nn,6,10,0.062195539474487305
qiskit_t_nn,6,10,0.04973196983337402
qiskit_t_nn,6,10,0.053012847900390625
qiskit_t_nn,6,10,0.05322074890136719
qiskit_t_nn,6,10,0.04893636703491211
qiskit_t_nn,6,10,0.049436092376708984
qiskit_t_nn,6,10,0.04385566711425781
qiskit_t_nn,6,10,0.0510258674621582
qiskit_t_nn,6,10,0.05279850959777832
qiskit_t_nn,6,10,0.04495739936828613
qiskit_t_nn,6,10,0.05073881149291992
qiskit_t_nn,6,10,0.05275440216064453
qiskit_t_nn,6,10,0.05007219314575195
qiskit_t_nn,6,10,0.048066139221191406
qiskit_t_nn,6,10,0.05200052261352539
qiskit_t_nn,6,10,0.04700350761413574
qiskit_t_nn,6,10,0.05052757263183594
qiskit_t_nn,6,10,0.05451846122741699
qiskit_t_nn,6,10,0.04306197166442871
qiskit_t_nn,6,10,0.055638790130615234
qiskit_t_nn,6,10,0.04597353935241699
qiskit_t_nn,6,10,0.0549929141998291
qiskit_t_nn,6,10,0.05196237564086914
qiskit_t_nn,6,10,0.05163097381591797
qiskit_t_nn,6,10,0.04973244667053223
qiskit_t_nn,6,10,0.049427032470703125
qiskit_t_nn,6,10,0.04811429977416992
qiskit_t_nn,6,10,0.04846930503845215
qiskit_t_nn,6,10,0.0436403751373291
qiskit_t_nn,6,10,0.0482172966003418
qiskit_t_nn,6,10,0.049018144607543945
qiskit_t_nn,6,10,0.06481266021728516
qiskit_t_nn,6,10,0.04927968978881836
qiskit_t_nn,6,10,0.0495142936706543
qiskit_t_nn,6,10,0.04599165916442871
qiskit_t_nn,7,10,0.07920336723327637
qiskit_t_nn,7,10,0.08966755867004395
qiskit_t_nn,7,10,0.08467626571655273
qiskit_t_nn,7,10,0.08633685111999512
qiskit_t_nn,7,10,0.08232426643371582
qiskit_t_nn,7,10,0.08679699897766113
qiskit_t_nn,7,10,0.07898235321044922
qiskit_t_nn,7,10,0.08584213256835938
qiskit_t_nn,7,10,0.08388066291809082
qiskit_t_nn,7,10,0.08859467506408691
qiskit_t_nn,7,10,0.08385658264160156
qiskit_t_nn,7,10,0.07781243324279785
qiskit_t_nn,7,10,0.08202743530273438
qiskit_t_nn,7,10,0.09894108772277832
qiskit_t_nn,7,10,0.07938599586486816
qiskit_t_nn,7,10,0.08801698684692383
qiskit_t_nn,7,10,0.08425402641296387
qiskit_t_nn,7,10,0.07934856414794922
qiskit_t_nn,7,10,0.08378982543945312
qiskit_t_nn,7,10,0.07860255241394043
qiskit_t_nn,7,10,0.08136749267578125
qiskit_t_nn,7,10,0.08098077774047852
qiskit_t_nn,7,10,0.09033322334289551
qiskit_t_nn,7,10,0.07269477844238281
qiskit_t_nn,7,10,0.07806706428527832
qiskit_t_nn,7,10,0.08301687240600586
qiskit_t_nn,7,10,0.08034634590148926
qiskit_t_nn,7,10,0.0715181827545166
qiskit_t_nn,7,10,0.0993950366973877
qiskit_t_nn,7,10,0.08632016181945801
qiskit_t_nn,7,10,0.07561969757080078
qiskit_t_nn,7,10,0.07227444648742676
qiskit_t_nn,7,10,0.08208346366882324
qiskit_t_nn,7,10,0.07986044883728027
qiskit_t_nn,7,10,0.08073878288269043
qiskit_t_nn,7,10,0.07975411415100098
qiskit_t_nn,7,10,0.08334732055664062
qiskit_t_nn,7,10,0.08683133125305176
qiskit_t_nn,7,10,0.07557988166809082
qiskit_t_nn,7,10,0.08222699165344238
qiskit_t_nn,7,10,0.08463668823242188
qiskit_t_nn,7,10,0.07717585563659668
qiskit_t_nn,7,10,0.0850837230682373
qiskit_t_nn,7,10,0.08043646812438965
qiskit_t_nn,7,10,0.10183167457580566
qiskit_t_nn,7,10,0.07678771018981934
qiskit_t_nn,7,10,0.08799457550048828
qiskit_t_nn,7,10,0.07340884208679199
qiskit_t_nn,7,10,0.08250737190246582
qiskit_t_nn,7,10,0.07857990264892578
qiskit_t_nn,7,10,0.08569216728210449
qiskit_t_nn,7,10,0.07286596298217773
qiskit_t_nn,7,10,0.0770730972290039
qiskit_t_nn,7,10,0.08672761917114258
qiskit_t_nn,7,10,0.08459091186523438
qiskit_t_nn,7,10,0.08203673362731934
qiskit_t_nn,7,10,0.08729982376098633
qiskit_t_nn,7,10,0.08496546745300293
qiskit_t_nn,7,10,0.08335590362548828
qiskit_t_nn,7,10,0.07655215263366699
qiskit_t_nn,7,10,0.09083127975463867
qiskit_t_nn,7,10,0.0842278003692627
qiskit_t_nn,7,10,0.08211541175842285
qiskit_t_nn,7,10,0.07108044624328613
qiskit_t_nn,7,10,0.07828259468078613
qiskit_t_nn,7,10,0.07901811599731445
qiskit_t_nn,7,10,0.08351445198059082
qiskit_t_nn,7,10,0.07595300674438477
qiskit_t_nn,7,10,0.08257412910461426
qiskit_t_nn,7,10,0.07590913772583008
qiskit_t_nn,7,10,0.08085393905639648
qiskit_t_nn,7,10,0.08150339126586914
qiskit_t_nn,7,10,0.08208656311035156
qiskit_t_nn,7,10,0.08331799507141113
qiskit_t_nn,7,10,0.08432364463806152
qiskit_t_nn,7,10,0.08273863792419434
qiskit_t_nn,7,10,0.09869050979614258
qiskit_t_nn,7,10,0.07905459403991699
qiskit_t_nn,7,10,0.08504676818847656
qiskit_t_nn,7,10,0.07231283187866211
qiskit_t_nn,7,10,0.08664941787719727
qiskit_t_nn,7,10,0.08272194862365723
qiskit_t_nn,7,10,0.08155250549316406
qiskit_t_nn,7,10,0.07895517349243164
qiskit_t_nn,7,10,0.09119224548339844
qiskit_t_nn,7,10,0.09150862693786621
qiskit_t_nn,7,10,0.08356785774230957
qiskit_t_nn,7,10,0.0758826732635498
qiskit_t_nn,7,10,0.07769227027893066
qiskit_t_nn,7,10,0.07915878295898438
qiskit_t_nn,7,10,0.08474230766296387
qiskit_t_nn,7,10,0.08965921401977539
qiskit_t_nn,7,10,0.07601523399353027
qiskit_t_nn,7,10,0.08101177215576172
qiskit_t_nn,7,10,0.07663297653198242
qiskit_t_nn,7,10,0.08086824417114258
qiskit_t_nn,7,10,0.08142352104187012
qiskit_t_nn,7,10,0.08610892295837402
qiskit_t_nn,7,10,0.09076428413391113
qiskit_t_nn,7,10,0.08478498458862305
qiskit_t_nn,8,10,0.07293915748596191
qiskit_t_nn,8,10,0.06798744201660156
qiskit_t_nn,8,10,0.07088875770568848
qiskit_t_nn,8,10,0.06390714645385742
qiskit_t_nn,8,10,0.06852269172668457
qiskit_t_nn,8,10,0.07267403602600098
qiskit_t_nn,8,10,0.07270336151123047
qiskit_t_nn,8,10,0.07440018653869629
qiskit_t_nn,8,10,0.08607053756713867
qiskit_t_nn,8,10,0.06764674186706543
qiskit_t_nn,8,10,0.0762786865234375
qiskit_t_nn,8,10,0.07463979721069336
qiskit_t_nn,8,10,0.07094764709472656
qiskit_t_nn,8,10,0.07123565673828125
qiskit_t_nn,8,10,0.07829093933105469
qiskit_t_nn,8,10,0.06473326683044434
qiskit_t_nn,8,10,0.06563854217529297
qiskit_t_nn,8,10,0.07810568809509277
qiskit_t_nn,8,10,0.07327628135681152
qiskit_t_nn,8,10,0.07974028587341309
qiskit_t_nn,8,10,0.07497763633728027
qiskit_t_nn,8,10,0.0787043571472168
qiskit_t_nn,8,10,0.07699227333068848
qiskit_t_nn,8,10,0.08705329895019531
qiskit_t_nn,8,10,0.08562374114990234
qiskit_t_nn,8,10,0.07084178924560547
qiskit_t_nn,8,10,0.07528543472290039
qiskit_t_nn,8,10,0.07198715209960938
qiskit_t_nn,8,10,0.06818366050720215
qiskit_t_nn,8,10,0.07245302200317383
qiskit_t_nn,8,10,0.07309556007385254
qiskit_t_nn,8,10,0.06778216361999512
qiskit_t_nn,8,10,0.07848000526428223
qiskit_t_nn,8,10,0.07494044303894043
qiskit_t_nn,8,10,0.07647919654846191
qiskit_t_nn,8,10,0.07532835006713867
qiskit_t_nn,8,10,0.0743861198425293
qiskit_t_nn,8,10,0.06888198852539062
qiskit_t_nn,8,10,0.06695270538330078
qiskit_t_nn,8,10,0.06989264488220215
qiskit_t_nn,8,10,0.07504940032958984
qiskit_t_nn,8,10,0.08200311660766602
qiskit_t_nn,8,10,0.06592798233032227
qiskit_t_nn,8,10,0.0634148120880127
qiskit_t_nn,8,10,0.0747678279876709
qiskit_t_nn,8,10,0.07186460494995117
qiskit_t_nn,8,10,0.07528066635131836
qiskit_t_nn,8,10,0.07943248748779297
qiskit_t_nn,8,10,0.0708005428314209
qiskit_t_nn,8,10,0.07498311996459961
qiskit_t_nn,8,10,0.07135605812072754
qiskit_t_nn,8,10,0.07021236419677734
qiskit_t_nn,8,10,0.07378816604614258
qiskit_t_nn,8,10,0.0699000358581543
qiskit_t_nn,8,10,0.06517243385314941
qiskit_t_nn,8,10,0.0755307674407959
qiskit_t_nn,8,10,0.06915855407714844
qiskit_t_nn,8,10,0.07358622550964355
qiskit_t_nn,8,10,0.06482338905334473
qiskit_t_nn,8,10,0.09071969985961914
qiskit_t_nn,8,10,0.07181262969970703
qiskit_t_nn,8,10,0.06738924980163574
qiskit_t_nn,8,10,0.07932114601135254
qiskit_t_nn,8,10,0.07440018653869629
qiskit_t_nn,8,10,0.08274459838867188
qiskit_t_nn,8,10,0.07682943344116211
qiskit_t_nn,8,10,0.06873631477355957
qiskit_t_nn,8,10,0.07387852668762207
qiskit_t_nn,8,10,0.07974576950073242
qiskit_t_nn,8,10,0.07950544357299805
qiskit_t_nn,8,10,0.07214999198913574
qiskit_t_nn,8,10,0.09990358352661133
qiskit_t_nn,8,10,0.07303905487060547
qiskit_t_nn,8,10,0.07384300231933594
qiskit_t_nn,8,10,0.06488656997680664
qiskit_t_nn,8,10,0.07079434394836426
qiskit_t_nn,8,10,0.08296394348144531
qiskit_t_nn,8,10,0.0719454288482666
qiskit_t_nn,8,10,0.07798528671264648
qiskit_t_nn,8,10,0.06784415245056152
qiskit_t_nn,8,10,0.07334017753601074
qiskit_t_nn,8,10,0.06988978385925293
qiskit_t_nn,8,10,0.0732271671295166
qiskit_t_nn,8,10,0.07302117347717285
qiskit_t_nn,8,10,0.07231473922729492
qiskit_t_nn,8,10,0.07078790664672852
qiskit_t_nn,8,10,0.07530903816223145
qiskit_t_nn,8,10,0.07157325744628906
qiskit_t_nn,8,10,0.06811761856079102
qiskit_t_nn,8,10,0.0657188892364502
qiskit_t_nn,8,10,0.0712900161743164
qiskit_t_nn,8,10,0.07084035873413086
qiskit_t_nn,8,10,0.07919096946716309
qiskit_t_nn,8,10,0.06666135787963867
qiskit_t_nn,8,10,0.07179379463195801
qiskit_t_nn,8,10,0.07005882263183594
qiskit_t_nn,8,10,0.06648850440979004
qiskit_t_nn,8,10,0.0669853687286377
qiskit_t_nn,8,10,0.07053232192993164
qiskit_t_nn,8,10,0.07155704498291016
qiskit_t_nn,9,10,0.08588099479675293
qiskit_t_nn,9,10,0.07372283935546875
qiskit_t_nn,9,10,0.07758164405822754
qiskit_t_nn,9,10,0.07877230644226074
qiskit_t_nn,9,10,0.08011102676391602
qiskit_t_nn,9,10,0.06932187080383301
qiskit_t_nn,9,10,0.07517290115356445
qiskit_t_nn,9,10,0.08936834335327148
qiskit_t_nn,9,10,0.0904855728149414
qiskit_t_nn,9,10,0.10752987861633301
qiskit_t_nn,9,10,0.08231616020202637
qiskit_t_nn,9,10,0.08132290840148926
qiskit_t_nn,9,10,0.07603120803833008
qiskit_t_nn,9,10,0.08261489868164062
qiskit_t_nn,9,10,0.07224273681640625
qiskit_t_nn,9,10,0.07786083221435547
qiskit_t_nn,9,10,0.07361888885498047
qiskit_t_nn,9,10,0.07595491409301758
qiskit_t_nn,9,10,0.07204818725585938
qiskit_t_nn,9,10,0.07982110977172852
qiskit_t_nn,9,10,0.07268548011779785
qiskit_t_nn,9,10,0.07146835327148438
qiskit_t_nn,9,10,0.060935258865356445
qiskit_t_nn,9,10,0.07168984413146973
qiskit_t_nn,9,10,0.07219552993774414
qiskit_t_nn,9,10,0.06466150283813477
qiskit_t_nn,9,10,0.07441377639770508
qiskit_t_nn,9,10,0.07493901252746582
qiskit_t_nn,9,10,0.07266616821289062
qiskit_t_nn,9,10,0.07164716720581055
qiskit_t_nn,9,10,0.09223771095275879
qiskit_t_nn,9,10,0.075927734375
qiskit_t_nn,9,10,0.07883882522583008
qiskit_t_nn,9,10,0.07155990600585938
qiskit_t_nn,9,10,0.07658004760742188
qiskit_t_nn,9,10,0.0788881778717041
qiskit_t_nn,9,10,0.07822489738464355
qiskit_t_nn,9,10,0.07418537139892578
qiskit_t_nn,9,10,0.0747077465057373
qiskit_t_nn,9,10,0.0802011489868164
qiskit_t_nn,9,10,0.08681511878967285
qiskit_t_nn,9,10,0.07680654525756836
qiskit_t_nn,9,10,0.07819056510925293
qiskit_t_nn,9,10,0.08087301254272461
qiskit_t_nn,9,10,0.07978224754333496
qiskit_t_nn,9,10,0.07785320281982422
qiskit_t_nn,9,10,0.078948974609375
qiskit_t_nn,9,10,0.08268904685974121
qiskit_t_nn,9,10,0.08285117149353027
qiskit_t_nn,9,10,0.09100174903869629
qiskit_t_nn,9,10,0.07745575904846191
qiskit_t_nn,9,10,0.0764622688293457
qiskit_t_nn,9,10,0.07413983345031738
qiskit_t_nn,9,10,0.07761549949645996
qiskit_t_nn,9,10,0.07550191879272461
qiskit_t_nn,9,10,0.07226395606994629
qiskit_t_nn,9,10,0.08833527565002441
qiskit_t_nn,9,10,0.08192062377929688
qiskit_t_nn,9,10,0.07685995101928711
qiskit_t_nn,9,10,0.08648848533630371
qiskit_t_nn,9,10,0.07220220565795898
qiskit_t_nn,9,10,0.07580018043518066
qiskit_t_nn,9,10,0.07729387283325195
qiskit_t_nn,9,10,0.08304405212402344
qiskit_t_nn,9,10,0.07738423347473145
qiskit_t_nn,9,10,0.06999683380126953
qiskit_t_nn,9,10,0.07458329200744629
qiskit_t_nn,9,10,0.0813608169555664
qiskit_t_nn,9,10,0.06886029243469238
qiskit_t_nn,9,10,0.07647871971130371
qiskit_t_nn,9,10,0.07511472702026367
qiskit_t_nn,9,10,0.09480977058410645
qiskit_t_nn,9,10,0.07747006416320801
qiskit_t_nn,9,10,0.09003353118896484
qiskit_t_nn,9,10,0.07633352279663086
qiskit_t_nn,9,10,0.07803106307983398
qiskit_t_nn,9,10,0.07279849052429199
qiskit_t_nn,9,10,0.07961130142211914
qiskit_t_nn,9,10,0.07821798324584961
qiskit_t_nn,9,10,0.06834244728088379
qiskit_t_nn,9,10,0.07881784439086914
qiskit_t_nn,9,10,0.07496452331542969
qiskit_t_nn,9,10,0.07766318321228027
qiskit_t_nn,9,10,0.07946896553039551
qiskit_t_nn,9,10,0.07371950149536133
qiskit_t_nn,9,10,0.09063196182250977
qiskit_t_nn,9,10,0.06538939476013184
qiskit_t_nn,9,10,0.08702349662780762
qiskit_t_nn,9,10,0.0771021842956543
qiskit_t_nn,9,10,0.07439947128295898
qiskit_t_nn,9,10,0.07782220840454102
qiskit_t_nn,9,10,0.07932305335998535
qiskit_t_nn,9,10,0.06749725341796875
qiskit_t_nn,9,10,0.08240461349487305
qiskit_t_nn,9,10,0.07133007049560547
qiskit_t_nn,9,10,0.07897162437438965
qiskit_t_nn,9,10,0.0777740478515625
qiskit_t_nn,9,10,0.08207321166992188
qiskit_t_nn,9,10,0.08235359191894531
qiskit_t_nn,9,10,0.08246040344238281
qiskit_t_nn,10,10,0.09048771858215332
qiskit_t_nn,10,10,0.08979153633117676
qiskit_t_nn,10,10,0.10858154296875
qiskit_t_nn,10,10,0.09440755844116211
qiskit_t_nn,10,10,0.08679437637329102
qiskit_t_nn,10,10,0.08345460891723633
qiskit_t_nn,10,10,0.10637712478637695
qiskit_t_nn,10,10,0.09581470489501953
qiskit_t_nn,10,10,0.0935661792755127
qiskit_t_nn,10,10,0.09036540985107422
qiskit_t_nn,10,10,0.08281826972961426
qiskit_t_nn,10,10,0.08960890769958496
qiskit_t_nn,10,10,0.08475232124328613
qiskit_t_nn,10,10,0.09094047546386719
qiskit_t_nn,10,10,0.08733248710632324
qiskit_t_nn,10,10,0.10723137855529785
qiskit_t_nn,10,10,0.08814144134521484
qiskit_t_nn,10,10,0.09116578102111816
qiskit_t_nn,10,10,0.09451770782470703
qiskit_t_nn,10,10,0.09349989891052246
qiskit_t_nn,10,10,0.09708571434020996
qiskit_t_nn,10,10,0.09273004531860352
qiskit_t_nn,10,10,0.09220051765441895
qiskit_t_nn,10,10,0.09231019020080566
qiskit_t_nn,10,10,0.0970299243927002
qiskit_t_nn,10,10,0.1086111068725586
qiskit_t_nn,10,10,0.09445834159851074
qiskit_t_nn,10,10,0.0901029109954834
qiskit_t_nn,10,10,0.08713865280151367
qiskit_t_nn,10,10,0.08566069602966309
qiskit_t_nn,10,10,0.09281635284423828
qiskit_t_nn,10,10,0.09034848213195801
qiskit_t_nn,10,10,0.09826183319091797
qiskit_t_nn,10,10,0.1023554801940918
qiskit_t_nn,10,10,0.0938408374786377
qiskit_t_nn,10,10,0.09463357925415039
qiskit_t_nn,10,10,0.09127330780029297
qiskit_t_nn,10,10,0.09739828109741211
qiskit_t_nn,10,10,0.09682750701904297
qiskit_t_nn,10,10,0.08880376815795898
qiskit_t_nn,10,10,0.09977078437805176
qiskit_t_nn,10,10,0.0956423282623291
qiskit_t_nn,10,10,0.09590721130371094
qiskit_t_nn,10,10,0.10121941566467285
qiskit_t_nn,10,10,0.08198285102844238
qiskit_t_nn,10,10,0.09743714332580566
qiskit_t_nn,10,10,0.09140443801879883
qiskit_t_nn,10,10,0.09023261070251465
qiskit_t_nn,10,10,0.09856986999511719
qiskit_t_nn,10,10,0.09119486808776855
qiskit_t_nn,10,10,0.08633065223693848
qiskit_t_nn,10,10,0.0703732967376709
qiskit_t_nn,10,10,0.08655166625976562
qiskit_t_nn,10,10,0.09148979187011719
qiskit_t_nn,10,10,0.10224175453186035
qiskit_t_nn,10,10,0.08693432807922363
qiskit_t_nn,10,10,0.07747435569763184
qiskit_t_nn,10,10,0.09106874465942383
qiskit_t_nn,10,10,0.09379696846008301
qiskit_t_nn,10,10,0.0880887508392334
qiskit_t_nn,10,10,0.07334184646606445
qiskit_t_nn,10,10,0.0873873233795166
qiskit_t_nn,10,10,0.08371853828430176
qiskit_t_nn,10,10,0.0932626724243164
qiskit_t_nn,10,10,0.08888030052185059
qiskit_t_nn,10,10,0.08847522735595703
qiskit_t_nn,10,10,0.09316587448120117
qiskit_t_nn,10,10,0.1057898998260498
qiskit_t_nn,10,10,0.08948302268981934
qiskit_t_nn,10,10,0.08856844902038574
qiskit_t_nn,10,10,0.09274840354919434
qiskit_t_nn,10,10,0.08442473411560059
qiskit_t_nn,10,10,0.08215689659118652
qiskit_t_nn,10,10,0.0949716567993164
qiskit_t_nn,10,10,0.09795808792114258
qiskit_t_nn,10,10,0.08884787559509277
qiskit_t_nn,10,10,0.09467053413391113
qiskit_t_nn,10,10,0.09700942039489746
qiskit_t_nn,10,10,0.09321212768554688
qiskit_t_nn,10,10,0.09861469268798828
qiskit_t_nn,10,10,0.11644816398620605
qiskit_t_nn,10,10,0.10624384880065918
qiskit_t_nn,10,10,0.09567070007324219
qiskit_t_nn,10,10,0.0905005931854248
qiskit_t_nn,10,10,0.09108686447143555
qiskit_t_nn,10,10,0.09334564208984375
qiskit_t_nn,10,10,0.09191632270812988
qiskit_t_nn,10,10,0.09288787841796875
qiskit_t_nn,10,10,0.08960509300231934
qiskit_t_nn,10,10,0.09012532234191895
qiskit_t_nn,10,10,0.10015296936035156
qiskit_t_nn,10,10,0.09509730339050293
qiskit_t_nn,10,10,0.09982180595397949
qiskit_t_nn,10,10,0.09233236312866211
qiskit_t_nn,10,10,0.09962081909179688
qiskit_t_nn,10,10,0.09442567825317383
qiskit_t_nn,10,10,0.08975505828857422
qiskit_t_nn,10,10,0.09209871292114258
qiskit_t_nn,10,10,0.08556818962097168
qiskit_t_nn,10,10,0.09260320663452148
qiskit_t_nn,11,10,0.1321868896484375
qiskit_t_nn,11,10,0.13488483428955078
qiskit_t_nn,11,10,0.13366103172302246
qiskit_t_nn,11,10,0.14766836166381836
qiskit_t_nn,11,10,0.1412794589996338
qiskit_t_nn,11,10,0.12223386764526367
qiskit_t_nn,11,10,0.12291312217712402
qiskit_t_nn,11,10,0.13101696968078613
qiskit_t_nn,11,10,0.1336812973022461
qiskit_t_nn,11,10,0.12694096565246582
qiskit_t_nn,11,10,0.12826108932495117
qiskit_t_nn,11,10,0.12835025787353516
qiskit_t_nn,11,10,0.15548324584960938
qiskit_t_nn,11,10,0.11723494529724121
qiskit_t_nn,11,10,0.13903069496154785
qiskit_t_nn,11,10,0.15211105346679688
qiskit_t_nn,11,10,0.1357555389404297
qiskit_t_nn,11,10,0.13744401931762695
qiskit_t_nn,11,10,0.1181039810180664
qiskit_t_nn,11,10,0.12705755233764648
qiskit_t_nn,11,10,0.1271982192993164
qiskit_t_nn,11,10,0.15063834190368652
qiskit_t_nn,11,10,0.13136506080627441
qiskit_t_nn,11,10,0.13257598876953125
qiskit_t_nn,11,10,0.1282491683959961
qiskit_t_nn,11,10,0.11964082717895508
qiskit_t_nn,11,10,0.12502527236938477
qiskit_t_nn,11,10,0.11579704284667969
qiskit_t_nn,11,10,0.11031556129455566
qiskit_t_nn,11,10,0.11872434616088867
qiskit_t_nn,11,10,0.11838293075561523
qiskit_t_nn,11,10,0.12340879440307617
qiskit_t_nn,11,10,0.12572884559631348
qiskit_t_nn,11,10,0.12254714965820312
qiskit_t_nn,11,10,0.11795163154602051
qiskit_t_nn,11,10,0.11902666091918945
qiskit_t_nn,11,10,0.11857247352600098
qiskit_t_nn,11,10,0.11668062210083008
qiskit_t_nn,11,10,0.13650846481323242
qiskit_t_nn,11,10,0.11886811256408691
qiskit_t_nn,11,10,0.12978577613830566
qiskit_t_nn,11,10,0.12947392463684082
qiskit_t_nn,11,10,0.13502287864685059
qiskit_t_nn,11,10,0.13146185874938965
qiskit_t_nn,11,10,0.12792730331420898
qiskit_t_nn,11,10,0.12395453453063965
qiskit_t_nn,11,10,0.13632440567016602
qiskit_t_nn,11,10,0.13459444046020508
qiskit_t_nn,11,10,0.13145804405212402
qiskit_t_nn,11,10,0.11866402626037598
qiskit_t_nn,11,10,0.13114333152770996
qiskit_t_nn,11,10,0.12614941596984863
qiskit_t_nn,11,10,0.13183379173278809
qiskit_t_nn,11,10,0.12153172492980957
qiskit_t_nn,11,10,0.12476634979248047
qiskit_t_nn,11,10,0.1245267391204834
qiskit_t_nn,11,10,0.12684297561645508
qiskit_t_nn,11,10,0.1199347972869873
qiskit_t_nn,11,10,0.1303691864013672
qiskit_t_nn,11,10,0.13144207000732422
qiskit_t_nn,11,10,0.13479113578796387
qiskit_t_nn,11,10,0.1192772388458252
qiskit_t_nn,11,10,0.12665152549743652
qiskit_t_nn,11,10,0.12813258171081543
qiskit_t_nn,11,10,0.13324832916259766
qiskit_t_nn,11,10,0.1284503936767578
qiskit_t_nn,11,10,0.11470794677734375
qiskit_t_nn,11,10,0.1299574375152588
qiskit_t_nn,11,10,0.11955857276916504
qiskit_t_nn,11,10,0.11501860618591309
qiskit_t_nn,11,10,0.13264918327331543
qiskit_t_nn,11,10,0.12256669998168945
qiskit_t_nn,11,10,0.13156986236572266
qiskit_t_nn,11,10,0.12990665435791016
qiskit_t_nn,11,10,0.13022160530090332
qiskit_t_nn,11,10,0.12600064277648926
qiskit_t_nn,11,10,0.1359410285949707
qiskit_t_nn,11,10,0.11969947814941406
qiskit_t_nn,11,10,0.13341617584228516
qiskit_t_nn,11,10,0.12629938125610352
qiskit_t_nn,11,10,0.12694358825683594
qiskit_t_nn,11,10,0.14399147033691406
qiskit_t_nn,11,10,0.11290144920349121
qiskit_t_nn,11,10,0.12744927406311035
qiskit_t_nn,11,10,0.12718677520751953
qiskit_t_nn,11,10,0.12395763397216797
qiskit_t_nn,11,10,0.13776540756225586
qiskit_t_nn,11,10,0.12007594108581543
qiskit_t_nn,11,10,0.11967754364013672
qiskit_t_nn,11,10,0.14100027084350586
qiskit_t_nn,11,10,0.12699341773986816
qiskit_t_nn,11,10,0.11871981620788574
qiskit_t_nn,11,10,0.13469982147216797
qiskit_t_nn,11,10,0.13280153274536133
qiskit_t_nn,11,10,0.1301276683807373
qiskit_t_nn,11,10,0.12201809883117676
qiskit_t_nn,11,10,0.12086367607116699
qiskit_t_nn,11,10,0.12667369842529297
qiskit_t_nn,11,10,0.13824462890625
qiskit_t_nn,11,10,0.1362321376800537
qiskit_t_nn,12,10,0.11333751678466797
qiskit_t_nn,12,10,0.09585094451904297
qiskit_t_nn,12,10,0.10030412673950195
qiskit_t_nn,12,10,0.11388659477233887
qiskit_t_nn,12,10,0.11008048057556152
qiskit_t_nn,12,10,0.10196042060852051
qiskit_t_nn,12,10,0.1134941577911377
qiskit_t_nn,12,10,0.11076641082763672
qiskit_t_nn,12,10,0.12450385093688965
qiskit_t_nn,12,10,0.10387516021728516
qiskit_t_nn,12,10,0.10730314254760742
qiskit_t_nn,12,10,0.11223769187927246
qiskit_t_nn,12,10,0.10929226875305176
qiskit_t_nn,12,10,0.10898232460021973
qiskit_t_nn,12,10,0.11648106575012207
qiskit_t_nn,12,10,0.09481215476989746
qiskit_t_nn,12,10,0.10703444480895996
qiskit_t_nn,12,10,0.10890984535217285
qiskit_t_nn,12,10,0.12074828147888184
qiskit_t_nn,12,10,0.10744833946228027
qiskit_t_nn,12,10,0.10523724555969238
qiskit_t_nn,12,10,0.10919380187988281
qiskit_t_nn,12,10,0.1045846939086914
qiskit_t_nn,12,10,0.10344982147216797
qiskit_t_nn,12,10,0.10569167137145996
qiskit_t_nn,12,10,0.11704182624816895
qiskit_t_nn,12,10,0.10439729690551758
qiskit_t_nn,12,10,0.1088263988494873
qiskit_t_nn,12,10,0.11965537071228027
qiskit_t_nn,12,10,0.10995221138000488
qiskit_t_nn,12,10,0.10326194763183594
qiskit_t_nn,12,10,0.10062551498413086
qiskit_t_nn,12,10,0.11037325859069824
qiskit_t_nn,12,10,0.09942030906677246
qiskit_t_nn,12,10,0.10741162300109863
qiskit_t_nn,12,10,0.10866618156433105
qiskit_t_nn,12,10,0.10898923873901367
qiskit_t_nn,12,10,0.10925889015197754
qiskit_t_nn,12,10,0.1053462028503418
qiskit_t_nn,12,10,0.12911415100097656
qiskit_t_nn,12,10,0.11045336723327637
qiskit_t_nn,12,10,0.09928607940673828
qiskit_t_nn,12,10,0.11013460159301758
qiskit_t_nn,12,10,0.110931396484375
qiskit_t_nn,12,10,0.10884809494018555
qiskit_t_nn,12,10,0.11200857162475586
qiskit_t_nn,12,10,0.10703396797180176
qiskit_t_nn,12,10,0.10526442527770996
qiskit_t_nn,12,10,0.10633111000061035
qiskit_t_nn,12,10,0.1191859245300293
qiskit_t_nn,12,10,0.11195230484008789
qiskit_t_nn,12,10,0.10542106628417969
qiskit_t_nn,12,10,0.11642837524414062
qiskit_t_nn,12,10,0.10915565490722656
qiskit_t_nn,12,10,0.11293625831604004
qiskit_t_nn,12,10,0.11257171630859375
qiskit_t_nn,12,10,0.10977625846862793
qiskit_t_nn,12,10,0.10388445854187012
qiskit_t_nn,12,10,0.10958743095397949
qiskit_t_nn,12,10,0.12808561325073242
qiskit_t_nn,12,10,0.11006855964660645
qiskit_t_nn,12,10,0.10636401176452637
qiskit_t_nn,12,10,0.1091921329498291
qiskit_t_nn,12,10,0.09970498085021973
qiskit_t_nn,12,10,0.1074676513671875
qiskit_t_nn,12,10,0.10949826240539551
qiskit_t_nn,12,10,0.09906601905822754
qiskit_t_nn,12,10,0.1111900806427002
qiskit_t_nn,12,10,0.10600423812866211
qiskit_t_nn,12,10,0.12116599082946777
qiskit_t_nn,12,10,0.11536860466003418
qiskit_t_nn,12,10,0.10385966300964355
qiskit_t_nn,12,10,0.11399435997009277
qiskit_t_nn,12,10,0.09795427322387695
qiskit_t_nn,12,10,0.10253667831420898
qiskit_t_nn,12,10,0.1085200309753418
qiskit_t_nn,12,10,0.11156868934631348
qiskit_t_nn,12,10,0.09698009490966797
qiskit_t_nn,12,10,0.11451268196105957
qiskit_t_nn,12,10,0.11354374885559082
qiskit_t_nn,12,10,0.12265419960021973
qiskit_t_nn,12,10,0.10349345207214355
qiskit_t_nn,12,10,0.10792088508605957
qiskit_t_nn,12,10,0.08593034744262695
qiskit_t_nn,12,10,0.10638904571533203
qiskit_t_nn,12,10,0.11079096794128418
qiskit_t_nn,12,10,0.10106134414672852
qiskit_t_nn,12,10,0.11099648475646973
qiskit_t_nn,12,10,0.10232377052307129
qiskit_t_nn,12,10,0.1052701473236084
qiskit_t_nn,12,10,0.10415363311767578
qiskit_t_nn,12,10,0.11190485954284668
qiskit_t_nn,12,10,0.11168766021728516
qiskit_t_nn,12,10,0.10681343078613281
qiskit_t_nn,12,10,0.10822176933288574
qiskit_t_nn,12,10,0.10903429985046387
qiskit_t_nn,12,10,0.10477733612060547
qiskit_t_nn,12,10,0.1088402271270752
qiskit_t_nn,12,10,0.10687613487243652
qiskit_t_nn,12,10,0.10556912422180176
qiskit_t_nn,13,10,0.1656513214111328
qiskit_t_nn,13,10,0.14594268798828125
qiskit_t_nn,13,10,0.14707064628601074
qiskit_t_nn,13,10,0.16577744483947754
qiskit_t_nn,13,10,0.15096068382263184
qiskit_t_nn,13,10,0.15038752555847168
qiskit_t_nn,13,10,0.15253114700317383
qiskit_t_nn,13,10,0.16543030738830566
qiskit_t_nn,13,10,0.14863944053649902
qiskit_t_nn,13,10,0.15634799003601074
qiskit_t_nn,13,10,0.1424410343170166
qiskit_t_nn,13,10,0.1481635570526123
qiskit_t_nn,13,10,0.1478252410888672
qiskit_t_nn,13,10,0.15634870529174805
qiskit_t_nn,13,10,0.16363906860351562
qiskit_t_nn,13,10,0.15601754188537598
qiskit_t_nn,13,10,0.13689684867858887
qiskit_t_nn,13,10,0.14325761795043945
qiskit_t_nn,13,10,0.1517505645751953
qiskit_t_nn,13,10,0.15621685981750488
qiskit_t_nn,13,10,0.14467740058898926
qiskit_t_nn,13,10,0.16846108436584473
qiskit_t_nn,13,10,0.15577101707458496
qiskit_t_nn,13,10,0.1586017608642578
qiskit_t_nn,13,10,0.1394367218017578
qiskit_t_nn,13,10,0.15451765060424805
qiskit_t_nn,13,10,0.13925600051879883
qiskit_t_nn,13,10,0.14748263359069824
qiskit_t_nn,13,10,0.14769387245178223
qiskit_t_nn,13,10,0.14149212837219238
qiskit_t_nn,13,10,0.13680434226989746
qiskit_t_nn,13,10,0.14122462272644043
qiskit_t_nn,13,10,0.14609289169311523
qiskit_t_nn,13,10,0.13994216918945312
qiskit_t_nn,13,10,0.14267969131469727
qiskit_t_nn,13,10,0.14467835426330566
qiskit_t_nn,13,10,0.1551218032836914
qiskit_t_nn,13,10,0.14296412467956543
qiskit_t_nn,13,10,0.15719127655029297
qiskit_t_nn,13,10,0.15826106071472168
qiskit_t_nn,13,10,0.15938282012939453
qiskit_t_nn,13,10,0.14898920059204102
qiskit_t_nn,13,10,0.14342832565307617
qiskit_t_nn,13,10,0.17031002044677734
qiskit_t_nn,13,10,0.1480271816253662
qiskit_t_nn,13,10,0.14679598808288574
qiskit_t_nn,13,10,0.148698091506958
qiskit_t_nn,13,10,0.1370840072631836
qiskit_t_nn,13,10,0.1530773639678955
qiskit_t_nn,13,10,0.14967775344848633
qiskit_t_nn,13,10,0.16320013999938965
qiskit_t_nn,13,10,0.13767123222351074
qiskit_t_nn,13,10,0.14724993705749512
qiskit_t_nn,13,10,0.14288926124572754
qiskit_t_nn,13,10,0.14168787002563477
qiskit_t_nn,13,10,0.15292954444885254
qiskit_t_nn,13,10,0.14754605293273926
qiskit_t_nn,13,10,0.15797686576843262
qiskit_t_nn,13,10,0.15111374855041504
qiskit_t_nn,13,10,0.14676833152770996
qiskit_t_nn,13,10,0.13334202766418457
qiskit_t_nn,13,10,0.14884376525878906
qiskit_t_nn,13,10,0.15422940254211426
qiskit_t_nn,13,10,0.1479024887084961
qiskit_t_nn,13,10,0.1595766544342041
qiskit_t_nn,13,10,0.15166449546813965
qiskit_t_nn,13,10,0.14371180534362793
qiskit_t_nn,13,10,0.14643096923828125
qiskit_t_nn,13,10,0.14443230628967285
qiskit_t_nn,13,10,0.15393471717834473
qiskit_t_nn,13,10,0.15363526344299316
qiskit_t_nn,13,10,0.15212655067443848
qiskit_t_nn,13,10,0.14622807502746582
qiskit_t_nn,13,10,0.13783025741577148
qiskit_t_nn,13,10,0.15484881401062012
qiskit_t_nn,13,10,0.1300201416015625
qiskit_t_nn,13,10,0.15709853172302246
qiskit_t_nn,13,10,0.15353178977966309
qiskit_t_nn,13,10,0.15936875343322754
qiskit_t_nn,13,10,0.14679551124572754
qiskit_t_nn,13,10,0.14723730087280273
qiskit_t_nn,13,10,0.15102410316467285
qiskit_t_nn,13,10,0.14487051963806152
qiskit_t_nn,13,10,0.14730620384216309
qiskit_t_nn,13,10,0.15225744247436523
qiskit_t_nn,13,10,0.1510913372039795
qiskit_t_nn,13,10,0.15141797065734863
qiskit_t_nn,13,10,0.1540360450744629
qiskit_t_nn,13,10,0.1401834487915039
qiskit_t_nn,13,10,0.14577794075012207
qiskit_t_nn,13,10,0.1536421775817871
qiskit_t_nn,13,10,0.15276002883911133
qiskit_t_nn,13,10,0.13586735725402832
qiskit_t_nn,13,10,0.16042375564575195
qiskit_t_nn,13,10,0.14829015731811523
qiskit_t_nn,13,10,0.1492598056793213
qiskit_t_nn,13,10,0.13871526718139648
qiskit_t_nn,13,10,0.15534567832946777
qiskit_t_nn,13,10,0.1589798927307129
qiskit_t_nn,13,10,0.15157437324523926
qiskit_t_nn,14,10,0.14791083335876465
qiskit_t_nn,14,10,0.1344163417816162
qiskit_t_nn,14,10,0.11887931823730469
qiskit_t_nn,14,10,0.12195634841918945
qiskit_t_nn,14,10,0.12773680686950684
qiskit_t_nn,14,10,0.13203668594360352
qiskit_t_nn,14,10,0.12339448928833008
qiskit_t_nn,14,10,0.13046789169311523
qiskit_t_nn,14,10,0.14603686332702637
qiskit_t_nn,14,10,0.12309432029724121
qiskit_t_nn,14,10,0.1304492950439453
qiskit_t_nn,14,10,0.12755966186523438
qiskit_t_nn,14,10,0.1239309310913086
qiskit_t_nn,14,10,0.12143063545227051
qiskit_t_nn,14,10,0.12715792655944824
qiskit_t_nn,14,10,0.12272095680236816
qiskit_t_nn,14,10,0.140516996383667
qiskit_t_nn,14,10,0.11914348602294922
qiskit_t_nn,14,10,0.12372231483459473
qiskit_t_nn,14,10,0.12188100814819336
qiskit_t_nn,14,10,0.12710070610046387
qiskit_t_nn,14,10,0.11716103553771973
qiskit_t_nn,14,10,0.11694788932800293
qiskit_t_nn,14,10,0.11964535713195801
qiskit_t_nn,14,10,0.1165323257446289
qiskit_t_nn,14,10,0.13421201705932617
qiskit_t_nn,14,10,0.12707901000976562
qiskit_t_nn,14,10,0.11968016624450684
qiskit_t_nn,14,10,0.13062095642089844
qiskit_t_nn,14,10,0.11649489402770996
qiskit_t_nn,14,10,0.13099431991577148
qiskit_t_nn,14,10,0.1161341667175293
qiskit_t_nn,14,10,0.12514591217041016
qiskit_t_nn,14,10,0.11434316635131836
qiskit_t_nn,14,10,0.13649439811706543
qiskit_t_nn,14,10,0.1317291259765625
qiskit_t_nn,14,10,0.11460351943969727
qiskit_t_nn,14,10,0.1290283203125
qiskit_t_nn,14,10,0.13131475448608398
qiskit_t_nn,14,10,0.1230165958404541
qiskit_t_nn,14,10,0.12415099143981934
qiskit_t_nn,14,10,0.13207721710205078
qiskit_t_nn,14,10,0.13752245903015137
qiskit_t_nn,14,10,0.11463356018066406
qiskit_t_nn,14,10,0.13113903999328613
qiskit_t_nn,14,10,0.1248776912689209
qiskit_t_nn,14,10,0.13456082344055176
qiskit_t_nn,14,10,0.12891340255737305
qiskit_t_nn,14,10,0.12471914291381836
qiskit_t_nn,14,10,0.12285709381103516
qiskit_t_nn,14,10,0.13811779022216797
qiskit_t_nn,14,10,0.11274194717407227
qiskit_t_nn,14,10,0.12392473220825195
qiskit_t_nn,14,10,0.1277141571044922
qiskit_t_nn,14,10,0.1259763240814209
qiskit_t_nn,14,10,0.13434219360351562
qiskit_t_nn,14,10,0.1210777759552002
qiskit_t_nn,14,10,0.1299583911895752
qiskit_t_nn,14,10,0.14077019691467285
qiskit_t_nn,14,10,0.1296396255493164
qiskit_t_nn,14,10,0.12360644340515137
qiskit_t_nn,14,10,0.13272738456726074
qiskit_t_nn,14,10,0.11531305313110352
qiskit_t_nn,14,10,0.1358201503753662
qiskit_t_nn,14,10,0.12592458724975586
qiskit_t_nn,14,10,0.1178584098815918
qiskit_t_nn,14,10,0.12337684631347656
qiskit_t_nn,14,10,0.13655400276184082
qiskit_t_nn,14,10,0.12236332893371582
qiskit_t_nn,14,10,0.12334299087524414
qiskit_t_nn,14,10,0.13344717025756836
qiskit_t_nn,14,10,0.12463927268981934
qiskit_t_nn,14,10,0.12537312507629395
qiskit_t_nn,14,10,0.1292884349822998
qiskit_t_nn,14,10,0.12520098686218262
qiskit_t_nn,14,10,0.13678407669067383
qiskit_t_nn,14,10,0.13345003128051758
qiskit_t_nn,14,10,0.12404704093933105
qiskit_t_nn,14,10,0.1225438117980957
qiskit_t_nn,14,10,0.12119030952453613
qiskit_t_nn,14,10,0.1327667236328125
qiskit_t_nn,14,10,0.12909317016601562
qiskit_t_nn,14,10,0.12324857711791992
qiskit_t_nn,14,10,0.13936901092529297
qiskit_t_nn,14,10,0.12644219398498535
qiskit_t_nn,14,10,0.1296536922454834
qiskit_t_nn,14,10,0.12538838386535645
qiskit_t_nn,14,10,0.12975049018859863
qiskit_t_nn,14,10,0.12167978286743164
qiskit_t_nn,14,10,0.1342759132385254
qiskit_t_nn,14,10,0.12428569793701172
qiskit_t_nn,14,10,0.14029335975646973
qiskit_t_nn,14,10,0.1271953582763672
qiskit_t_nn,14,10,0.11385655403137207
qiskit_t_nn,14,10,0.1296083927154541
qiskit_t_nn,14,10,0.12522435188293457
qiskit_t_nn,14,10,0.1269364356994629
qiskit_t_nn,14,10,0.11811661720275879
qiskit_t_nn,14,10,0.12409210205078125
qiskit_t_nn,14,10,0.1220541000366211
qiskit_t_nn,15,10,0.13802766799926758
qiskit_t_nn,15,10,0.14320063591003418
qiskit_t_nn,15,10,0.13681554794311523
qiskit_t_nn,15,10,0.1335461139678955
qiskit_t_nn,15,10,0.14199590682983398
qiskit_t_nn,15,10,0.13914799690246582
qiskit_t_nn,15,10,0.14487719535827637
qiskit_t_nn,15,10,0.15367794036865234
qiskit_t_nn,15,10,0.13667583465576172
qiskit_t_nn,15,10,0.13644790649414062
qiskit_t_nn,15,10,0.13694500923156738
qiskit_t_nn,15,10,0.13687372207641602
qiskit_t_nn,15,10,0.1392369270324707
qiskit_t_nn,15,10,0.14152312278747559
qiskit_t_nn,15,10,0.14235186576843262
qiskit_t_nn,15,10,0.1466226577758789
qiskit_t_nn,15,10,0.1286168098449707
qiskit_t_nn,15,10,0.14131903648376465
qiskit_t_nn,15,10,0.1233365535736084
qiskit_t_nn,15,10,0.13873004913330078
qiskit_t_nn,15,10,0.12788105010986328
qiskit_t_nn,15,10,0.13005971908569336
qiskit_t_nn,15,10,0.14419198036193848
qiskit_t_nn,15,10,0.13448572158813477
qiskit_t_nn,15,10,0.14029216766357422
qiskit_t_nn,15,10,0.1295170783996582
qiskit_t_nn,15,10,0.144989013671875
qiskit_t_nn,15,10,0.13760709762573242
qiskit_t_nn,15,10,0.12975549697875977
qiskit_t_nn,15,10,0.13154339790344238
qiskit_t_nn,15,10,0.14928460121154785
qiskit_t_nn,15,10,0.13395166397094727
qiskit_t_nn,15,10,0.12819814682006836
qiskit_t_nn,15,10,0.13733196258544922
qiskit_t_nn,15,10,0.13537955284118652
qiskit_t_nn,15,10,0.13869810104370117
qiskit_t_nn,15,10,0.13760042190551758
qiskit_t_nn,15,10,0.15499067306518555
qiskit_t_nn,15,10,0.1347675323486328
qiskit_t_nn,15,10,0.13972783088684082
qiskit_t_nn,15,10,0.12762713432312012
qiskit_t_nn,15,10,0.13857698440551758
qiskit_t_nn,15,10,0.13872385025024414
qiskit_t_nn,15,10,0.13937592506408691
qiskit_t_nn,15,10,0.1275768280029297
qiskit_t_nn,15,10,0.15083599090576172
qiskit_t_nn,15,10,0.13823556900024414
qiskit_t_nn,15,10,0.1323685646057129
qiskit_t_nn,15,10,0.14551544189453125
qiskit_t_nn,15,10,0.13243579864501953
qiskit_t_nn,15,10,0.13083553314208984
qiskit_t_nn,15,10,0.14104032516479492
qiskit_t_nn,15,10,0.15272164344787598
qiskit_t_nn,15,10,0.13153767585754395
qiskit_t_nn,15,10,0.128065824508667
qiskit_t_nn,15,10,0.1361250877380371
qiskit_t_nn,15,10,0.14130735397338867
qiskit_t_nn,15,10,0.1356346607208252
qiskit_t_nn,15,10,0.13280487060546875
qiskit_t_nn,15,10,0.14238834381103516
qiskit_t_nn,15,10,0.14447712898254395
qiskit_t_nn,15,10,0.13478827476501465
qiskit_t_nn,15,10,0.12250876426696777
qiskit_t_nn,15,10,0.13867640495300293
qiskit_t_nn,15,10,0.12674283981323242
qiskit_t_nn,15,10,0.14613747596740723
qiskit_t_nn,15,10,0.12958240509033203
qiskit_t_nn,15,10,0.1374216079711914
qiskit_t_nn,15,10,0.13813400268554688
qiskit_t_nn,15,10,0.1276092529296875
qiskit_t_nn,15,10,0.13380789756774902
qiskit_t_nn,15,10,0.13741135597229004
qiskit_t_nn,15,10,0.13042569160461426
qiskit_t_nn,15,10,0.1173250675201416
qiskit_t_nn,15,10,0.13301444053649902
qiskit_t_nn,15,10,0.1249394416809082
qiskit_t_nn,15,10,0.1492002010345459
qiskit_t_nn,15,10,0.12907671928405762
qiskit_t_nn,15,10,0.13057971000671387
qiskit_t_nn,15,10,0.13312959671020508
qiskit_t_nn,15,10,0.13907861709594727
qiskit_t_nn,15,10,0.14020657539367676
qiskit_t_nn,15,10,0.14023447036743164
qiskit_t_nn,15,10,0.14422106742858887
qiskit_t_nn,15,10,0.12998080253601074
qiskit_t_nn,15,10,0.13502001762390137
qiskit_t_nn,15,10,0.13255095481872559
qiskit_t_nn,15,10,0.1448674201965332
qiskit_t_nn,15,10,0.12825274467468262
qiskit_t_nn,15,10,0.1375126838684082
qiskit_t_nn,15,10,0.12760472297668457
qiskit_t_nn,15,10,0.142242431640625
qiskit_t_nn,15,10,0.13302230834960938
qiskit_t_nn,15,10,0.1300339698791504
qiskit_t_nn,15,10,0.13548922538757324
qiskit_t_nn,15,10,0.1284346580505371
qiskit_t_nn,15,10,0.13515830039978027
qiskit_t_nn,15,10,0.14247989654541016
qiskit_t_nn,15,10,0.1313788890838623
qiskit_t_nn,15,10,0.14612579345703125
qiskit_t_nn,16,10,0.14384698867797852
qiskit_t_nn,16,10,0.1356508731842041
qiskit_t_nn,16,10,0.1451423168182373
qiskit_t_nn,16,10,0.14849114418029785
qiskit_t_nn,16,10,0.14329147338867188
qiskit_t_nn,16,10,0.14507508277893066
qiskit_t_nn,16,10,0.1633908748626709
qiskit_t_nn,16,10,0.15424251556396484
qiskit_t_nn,16,10,0.13770103454589844
qiskit_t_nn,16,10,0.14755725860595703
qiskit_t_nn,16,10,0.1462099552154541
qiskit_t_nn,16,10,0.1502547264099121
qiskit_t_nn,16,10,0.1348574161529541
qiskit_t_nn,16,10,0.15765738487243652
qiskit_t_nn,16,10,0.14137554168701172
qiskit_t_nn,16,10,0.15227794647216797
qiskit_t_nn,16,10,0.14916396141052246
qiskit_t_nn,16,10,0.15225744247436523
qiskit_t_nn,16,10,0.1499011516571045
qiskit_t_nn,16,10,0.14124345779418945
qiskit_t_nn,16,10,0.15920472145080566
qiskit_t_nn,16,10,0.1434171199798584
qiskit_t_nn,16,10,0.15004634857177734
qiskit_t_nn,16,10,0.1425635814666748
qiskit_t_nn,16,10,0.15168476104736328
qiskit_t_nn,16,10,0.14748477935791016
qiskit_t_nn,16,10,0.14941191673278809
qiskit_t_nn,16,10,0.1497948169708252
qiskit_t_nn,16,10,0.14926743507385254
qiskit_t_nn,16,10,0.14051604270935059
qiskit_t_nn,16,10,0.14780187606811523
qiskit_t_nn,16,10,0.1448211669921875
qiskit_t_nn,16,10,0.1507101058959961
qiskit_t_nn,16,10,0.14679455757141113
qiskit_t_nn,16,10,0.1670854091644287
qiskit_t_nn,16,10,0.1533365249633789
qiskit_t_nn,16,10,0.1421644687652588
qiskit_t_nn,16,10,0.15532302856445312
qiskit_t_nn,16,10,0.15044212341308594
qiskit_t_nn,16,10,0.1496593952178955
qiskit_t_nn,16,10,0.13639187812805176
qiskit_t_nn,16,10,0.1543586254119873
qiskit_t_nn,16,10,0.14063405990600586
qiskit_t_nn,16,10,0.14839553833007812
qiskit_t_nn,16,10,0.1481790542602539
qiskit_t_nn,16,10,0.14135503768920898
qiskit_t_nn,16,10,0.14302325248718262
qiskit_t_nn,16,10,0.14025354385375977
qiskit_t_nn,16,10,0.14926910400390625
qiskit_t_nn,16,10,0.14928913116455078
qiskit_t_nn,16,10,0.15230369567871094
qiskit_t_nn,16,10,0.14384126663208008
qiskit_t_nn,16,10,0.14587640762329102
qiskit_t_nn,16,10,0.1404569149017334
qiskit_t_nn,16,10,0.1331636905670166
qiskit_t_nn,16,10,0.16214609146118164
qiskit_t_nn,16,10,0.14550209045410156
qiskit_t_nn,16,10,0.13898921012878418
qiskit_t_nn,16,10,0.14628219604492188
qiskit_t_nn,16,10,0.1468207836151123
qiskit_t_nn,16,10,0.14569926261901855
qiskit_t_nn,16,10,0.13117122650146484
qiskit_t_nn,16,10,0.15249991416931152
qiskit_t_nn,16,10,0.14783406257629395
qiskit_t_nn,16,10,0.1458601951599121
qiskit_t_nn,16,10,0.15035557746887207
qiskit_t_nn,16,10,0.14385151863098145
qiskit_t_nn,16,10,0.13412904739379883
qiskit_t_nn,16,10,0.15236854553222656
qiskit_t_nn,16,10,0.14634346961975098
qiskit_t_nn,16,10,0.14641928672790527
qiskit_t_nn,16,10,0.14701128005981445
qiskit_t_nn,16,10,0.15472030639648438
qiskit_t_nn,16,10,0.14732885360717773
qiskit_t_nn,16,10,0.1425609588623047
qiskit_t_nn,16,10,0.1452641487121582
qiskit_t_nn,16,10,0.13518166542053223
qiskit_t_nn,16,10,0.14361786842346191
qiskit_t_nn,16,10,0.15161776542663574
qiskit_t_nn,16,10,0.14145946502685547
qiskit_t_nn,16,10,0.14462661743164062
qiskit_t_nn,16,10,0.1463642120361328
qiskit_t_nn,16,10,0.13638997077941895
qiskit_t_nn,16,10,0.15475249290466309
qiskit_t_nn,16,10,0.15938448905944824
qiskit_t_nn,16,10,0.14512872695922852
qiskit_t_nn,16,10,0.14107966423034668
qiskit_t_nn,16,10,0.14082813262939453
qiskit_t_nn,16,10,0.1487293243408203
qiskit_t_nn,16,10,0.14214301109313965
qiskit_t_nn,16,10,0.14510011672973633
qiskit_t_nn,16,10,0.15207672119140625
qiskit_t_nn,16,10,0.13953089714050293
qiskit_t_nn,16,10,0.1483001708984375
qiskit_t_nn,16,10,0.13809514045715332
qiskit_t_nn,16,10,0.14846348762512207
qiskit_t_nn,16,10,0.15341925621032715
qiskit_t_nn,16,10,0.14859819412231445
qiskit_t_nn,16,10,0.1612241268157959
qiskit_t_nn,16,10,0.15021300315856934
qiskit_t_nn,17,10,0.17741990089416504
qiskit_t_nn,17,10,0.2018125057220459
qiskit_t_nn,17,10,0.1874232292175293
qiskit_t_nn,17,10,0.1939864158630371
qiskit_t_nn,17,10,0.21436095237731934
qiskit_t_nn,17,10,0.20121383666992188
qiskit_t_nn,17,10,0.18868017196655273
qiskit_t_nn,17,10,0.19257473945617676
qiskit_t_nn,17,10,0.2033066749572754
qiskit_t_nn,17,10,0.1981792449951172
qiskit_t_nn,17,10,0.1828300952911377
qiskit_t_nn,17,10,0.2047119140625
qiskit_t_nn,17,10,0.18909955024719238
qiskit_t_nn,17,10,0.20391368865966797
qiskit_t_nn,17,10,0.2040555477142334
qiskit_t_nn,17,10,0.20532441139221191
qiskit_t_nn,17,10,0.1986682415008545
qiskit_t_nn,17,10,0.1997368335723877
qiskit_t_nn,17,10,0.1931149959564209
qiskit_t_nn,17,10,0.20167970657348633
qiskit_t_nn,17,10,0.21884775161743164
qiskit_t_nn,17,10,0.19675803184509277
qiskit_t_nn,17,10,0.20398235321044922
qiskit_t_nn,17,10,0.19534611701965332
qiskit_t_nn,17,10,0.19724631309509277
qiskit_t_nn,17,10,0.20672845840454102
qiskit_t_nn,17,10,0.20283102989196777
qiskit_t_nn,17,10,0.1900477409362793
qiskit_t_nn,17,10,0.1918621063232422
qiskit_t_nn,17,10,0.20636653900146484
qiskit_t_nn,17,10,0.1957564353942871
qiskit_t_nn,17,10,0.2106032371520996
qiskit_t_nn,17,10,0.19921565055847168
qiskit_t_nn,17,10,0.19757485389709473
qiskit_t_nn,17,10,0.19568705558776855
qiskit_t_nn,17,10,0.20058298110961914
qiskit_t_nn,17,10,0.22029542922973633
qiskit_t_nn,17,10,0.202439546585083
qiskit_t_nn,17,10,0.1654949188232422
qiskit_t_nn,17,10,0.20868396759033203
qiskit_t_nn,17,10,0.20813846588134766
qiskit_t_nn,17,10,0.21772074699401855
qiskit_t_nn,17,10,0.18658137321472168
qiskit_t_nn,17,10,0.184403657913208
qiskit_t_nn,17,10,0.1996455192565918
qiskit_t_nn,17,10,0.19540977478027344
qiskit_t_nn,17,10,0.19806790351867676
qiskit_t_nn,17,10,0.20548367500305176
qiskit_t_nn,17,10,0.1888573169708252
qiskit_t_nn,17,10,0.18091917037963867
qiskit_t_nn,17,10,0.18641352653503418
qiskit_t_nn,17,10,0.20261096954345703
qiskit_t_nn,17,10,0.21251773834228516
qiskit_t_nn,17,10,0.20122671127319336
qiskit_t_nn,17,10,0.19022059440612793
qiskit_t_nn,17,10,0.1948838233947754
qiskit_t_nn,17,10,0.18991994857788086
qiskit_t_nn,17,10,0.20033860206604004
qiskit_t_nn,17,10,0.21569180488586426
qiskit_t_nn,17,10,0.18905377388000488
qiskit_t_nn,17,10,0.1967167854309082
qiskit_t_nn,17,10,0.183837890625
qiskit_t_nn,17,10,0.197645902633667
qiskit_t_nn,17,10,0.21700477600097656
qiskit_t_nn,17,10,0.18256926536560059
qiskit_t_nn,17,10,0.19825196266174316
qiskit_t_nn,17,10,0.19910097122192383
qiskit_t_nn,17,10,0.196974515914917
qiskit_t_nn,17,10,0.18880081176757812
qiskit_t_nn,17,10,0.19861316680908203
qiskit_t_nn,17,10,0.18859362602233887
qiskit_t_nn,17,10,0.18165135383605957
qiskit_t_nn,17,10,0.2040879726409912
qiskit_t_nn,17,10,0.20520973205566406
qiskit_t_nn,17,10,0.1943831443786621
qiskit_t_nn,17,10,0.1933283805847168
qiskit_t_nn,17,10,0.2014331817626953
qiskit_t_nn,17,10,0.18959641456604004
qiskit_t_nn,17,10,0.20664310455322266
qiskit_t_nn,17,10,0.19222474098205566
qiskit_t_nn,17,10,0.19989657402038574
qiskit_t_nn,17,10,0.1948399543762207
qiskit_t_nn,17,10,0.19301867485046387
qiskit_t_nn,17,10,0.20003795623779297
qiskit_t_nn,17,10,0.19076299667358398
qiskit_t_nn,17,10,0.20706534385681152
qiskit_t_nn,17,10,0.1936779022216797
qiskit_t_nn,17,10,0.19617342948913574
qiskit_t_nn,17,10,0.1919536590576172
qiskit_t_nn,17,10,0.18884849548339844
qiskit_t_nn,17,10,0.2008497714996338
qiskit_t_nn,17,10,0.20097088813781738
qiskit_t_nn,17,10,0.18737578392028809
qiskit_t_nn,17,10,0.18680930137634277
qiskit_t_nn,17,10,0.19689679145812988
qiskit_t_nn,17,10,0.20370984077453613
qiskit_t_nn,17,10,0.21491050720214844
qiskit_t_nn,17,10,0.18833637237548828
qiskit_t_nn,17,10,0.18169021606445312
qiskit_t_nn,17,10,0.19054841995239258
qiskit_t_nn,18,10,0.17375850677490234
qiskit_t_nn,18,10,0.1745131015777588
qiskit_t_nn,18,10,0.19669127464294434
qiskit_t_nn,18,10,0.16792964935302734
qiskit_t_nn,18,10,0.16969656944274902
qiskit_t_nn,18,10,0.1744701862335205
qiskit_t_nn,18,10,0.17350316047668457
qiskit_t_nn,18,10,0.17774438858032227
qiskit_t_nn,18,10,0.1853799819946289
qiskit_t_nn,18,10,0.17514419555664062
qiskit_t_nn,18,10,0.18663620948791504
qiskit_t_nn,18,10,0.17508482933044434
qiskit_t_nn,18,10,0.17253899574279785
qiskit_t_nn,18,10,0.16984915733337402
qiskit_t_nn,18,10,0.1852729320526123
qiskit_t_nn,18,10,0.1576671600341797
qiskit_t_nn,18,10,0.1725914478302002
qiskit_t_nn,18,10,0.16796565055847168
qiskit_t_nn,18,10,0.16170620918273926
qiskit_t_nn,18,10,0.18106365203857422
qiskit_t_nn,18,10,0.1956484317779541
qiskit_t_nn,18,10,0.16559815406799316
qiskit_t_nn,18,10,0.1665506362915039
qiskit_t_nn,18,10,0.1663968563079834
qiskit_t_nn,18,10,0.17835664749145508
qiskit_t_nn,18,10,0.1776111125946045
qiskit_t_nn,18,10,0.18198370933532715
qiskit_t_nn,18,10,0.18106961250305176
qiskit_t_nn,18,10,0.1738903522491455
qiskit_t_nn,18,10,0.1567072868347168
qiskit_t_nn,18,10,0.16740942001342773
qiskit_t_nn,18,10,0.17424821853637695
qiskit_t_nn,18,10,0.1924288272857666
qiskit_t_nn,18,10,0.17847442626953125
qiskit_t_nn,18,10,0.1552271842956543
qiskit_t_nn,18,10,0.1628706455230713
qiskit_t_nn,18,10,0.17529678344726562
qiskit_t_nn,18,10,0.17525815963745117
qiskit_t_nn,18,10,0.19698405265808105
qiskit_t_nn,18,10,0.1660470962524414
qiskit_t_nn,18,10,0.17320752143859863
qiskit_t_nn,18,10,0.16147160530090332
qiskit_t_nn,18,10,0.16259455680847168
qiskit_t_nn,18,10,0.16388320922851562
qiskit_t_nn,18,10,0.18466472625732422
qiskit_t_nn,18,10,0.16824054718017578
qiskit_t_nn,18,10,0.17545771598815918
qiskit_t_nn,18,10,0.17486214637756348
qiskit_t_nn,18,10,0.1730506420135498
qiskit_t_nn,18,10,0.17319154739379883
qiskit_t_nn,18,10,0.18242669105529785
qiskit_t_nn,18,10,0.1743299961090088
qiskit_t_nn,18,10,0.17310357093811035
qiskit_t_nn,18,10,0.16271209716796875
qiskit_t_nn,18,10,0.16961169242858887
qiskit_t_nn,18,10,0.16828465461730957
qiskit_t_nn,18,10,0.1847689151763916
qiskit_t_nn,18,10,0.1782846450805664
qiskit_t_nn,18,10,0.17986297607421875
qiskit_t_nn,18,10,0.17309117317199707
qiskit_t_nn,18,10,0.19050836563110352
qiskit_t_nn,18,10,0.1801469326019287
qiskit_t_nn,18,10,0.18819975852966309
qiskit_t_nn,18,10,0.17032098770141602
qiskit_t_nn,18,10,0.18336200714111328
qiskit_t_nn,18,10,0.17117643356323242
qiskit_t_nn,18,10,0.1715090274810791
qiskit_t_nn,18,10,0.1658484935760498
qiskit_t_nn,18,10,0.19800233840942383
qiskit_t_nn,18,10,0.1693403720855713
qiskit_t_nn,18,10,0.1665787696838379
qiskit_t_nn,18,10,0.17514872550964355
qiskit_t_nn,18,10,0.17226815223693848
qiskit_t_nn,18,10,0.16939735412597656
qiskit_t_nn,18,10,0.19179940223693848
qiskit_t_nn,18,10,0.1721341609954834
qiskit_t_nn,18,10,0.1755378246307373
qiskit_t_nn,18,10,0.1692960262298584
qiskit_t_nn,18,10,0.17728376388549805
qiskit_t_nn,18,10,0.17533373832702637
qiskit_t_nn,18,10,0.18636298179626465
qiskit_t_nn,18,10,0.17193341255187988
qiskit_t_nn,18,10,0.17376708984375
qiskit_t_nn,18,10,0.17930197715759277
qiskit_t_nn,18,10,0.17241597175598145
qiskit_t_nn,18,10,0.16855597496032715
qiskit_t_nn,18,10,0.18035054206848145
qiskit_t_nn,18,10,0.1765906810760498
qiskit_t_nn,18,10,0.17862153053283691
qiskit_t_nn,18,10,0.17605876922607422
qiskit_t_nn,18,10,0.18132424354553223
qiskit_t_nn,18,10,0.17743945121765137
qiskit_t_nn,18,10,0.18628525733947754
qiskit_t_nn,18,10,0.1752760410308838
qiskit_t_nn,18,10,0.1740250587463379
qiskit_t_nn,18,10,0.1822817325592041
qiskit_t_nn,18,10,0.16779804229736328
qiskit_t_nn,18,10,0.17221903800964355
qiskit_t_nn,18,10,0.1861734390258789
qiskit_t_nn,18,10,0.1680889129638672
qiskit_t_nn,19,10,0.2307438850402832
qiskit_t_nn,19,10,0.23477482795715332
qiskit_t_nn,19,10,0.226715087890625
qiskit_t_nn,19,10,0.23472118377685547
qiskit_t_nn,19,10,0.22375130653381348
qiskit_t_nn,19,10,0.22342753410339355
qiskit_t_nn,19,10,0.22399282455444336
qiskit_t_nn,19,10,0.21759629249572754
qiskit_t_nn,19,10,0.2503063678741455
qiskit_t_nn,19,10,0.2286067008972168
qiskit_t_nn,19,10,0.23308992385864258
qiskit_t_nn,19,10,0.23592591285705566
qiskit_t_nn,19,10,0.22384905815124512
qiskit_t_nn,19,10,0.2252492904663086
qiskit_t_nn,19,10,0.22272348403930664
qiskit_t_nn,19,10,0.22875022888183594
qiskit_t_nn,19,10,0.2277834415435791
qiskit_t_nn,19,10,0.24327611923217773
qiskit_t_nn,19,10,0.23159217834472656
qiskit_t_nn,19,10,0.2292346954345703
qiskit_t_nn,19,10,0.23054265975952148
qiskit_t_nn,19,10,0.2238786220550537
qiskit_t_nn,19,10,0.245988130569458
qiskit_t_nn,19,10,0.23370361328125
qiskit_t_nn,19,10,0.22783899307250977
qiskit_t_nn,19,10,0.233917236328125
qiskit_t_nn,19,10,0.22136330604553223
qiskit_t_nn,19,10,0.2333211898803711
qiskit_t_nn,19,10,0.2189483642578125
qiskit_t_nn,19,10,0.2247176170349121
qiskit_t_nn,19,10,0.23063135147094727
qiskit_t_nn,19,10,0.2286238670349121
qiskit_t_nn,19,10,0.2546253204345703
qiskit_t_nn,19,10,0.24769330024719238
qiskit_t_nn,19,10,0.2309732437133789
qiskit_t_nn,19,10,0.22458600997924805
qiskit_t_nn,19,10,0.24643754959106445
qiskit_t_nn,19,10,0.22940874099731445
qiskit_t_nn,19,10,0.22729754447937012
qiskit_t_nn,19,10,0.22339367866516113
qiskit_t_nn,19,10,0.2455899715423584
qiskit_t_nn,19,10,0.25423502922058105
qiskit_t_nn,19,10,0.24166011810302734
qiskit_t_nn,19,10,0.22766637802124023
qiskit_t_nn,19,10,0.22863030433654785
qiskit_t_nn,19,10,0.23311352729797363
qiskit_t_nn,19,10,0.24551653861999512
qiskit_t_nn,19,10,0.22897863388061523
qiskit_t_nn,19,10,0.23985052108764648
qiskit_t_nn,19,10,0.2318131923675537
qiskit_t_nn,19,10,0.22626781463623047
qiskit_t_nn,19,10,0.24141168594360352
qiskit_t_nn,19,10,0.22394514083862305
qiskit_t_nn,19,10,0.2361760139465332
qiskit_t_nn,19,10,0.22287416458129883
qiskit_t_nn,19,10,0.2329707145690918
qiskit_t_nn,19,10,0.2119884490966797
qiskit_t_nn,19,10,0.22402238845825195
qiskit_t_nn,19,10,0.23654794692993164
qiskit_t_nn,19,10,0.23450469970703125
qiskit_t_nn,19,10,0.23889422416687012
qiskit_t_nn,19,10,0.22958159446716309
qiskit_t_nn,19,10,0.23111796379089355
qiskit_t_nn,19,10,0.24840521812438965
qiskit_t_nn,19,10,0.2251584529876709
qiskit_t_nn,19,10,0.24556398391723633
qiskit_t_nn,19,10,0.2299206256866455
qiskit_t_nn,19,10,0.22353768348693848
qiskit_t_nn,19,10,0.21910905838012695
qiskit_t_nn,19,10,0.23397469520568848
qiskit_t_nn,19,10,0.240739107131958
qiskit_t_nn,19,10,0.23517894744873047
qiskit_t_nn,19,10,0.22156119346618652
qiskit_t_nn,19,10,0.23679304122924805
qiskit_t_nn,19,10,0.24537158012390137
qiskit_t_nn,19,10,0.23670649528503418
qiskit_t_nn,19,10,0.23299050331115723
qiskit_t_nn,19,10,0.23313593864440918
qiskit_t_nn,19,10,0.223618745803833
qiskit_t_nn,19,10,0.24597716331481934
qiskit_t_nn,19,10,0.22082972526550293
qiskit_t_nn,19,10,0.23391318321228027
qiskit_t_nn,19,10,0.22025728225708008
qiskit_t_nn,19,10,0.22972941398620605
qiskit_t_nn,19,10,0.2472236156463623
qiskit_t_nn,19,10,0.2281808853149414
qiskit_t_nn,19,10,0.22272324562072754
qiskit_t_nn,19,10,0.2165546417236328
qiskit_t_nn,19,10,0.23102188110351562
qiskit_t_nn,19,10,0.23824453353881836
qiskit_t_nn,19,10,0.2293846607208252
qiskit_t_nn,19,10,0.2271428108215332
qiskit_t_nn,19,10,0.22905755043029785
qiskit_t_nn,19,10,0.24075078964233398
qiskit_t_nn,19,10,0.22791028022766113
qiskit_t_nn,19,10,0.2170543670654297
qiskit_t_nn,19,10,0.23366737365722656
qiskit_t_nn,19,10,0.23974919319152832
qiskit_t_nn,19,10,0.24361109733581543
qiskit_t_nn,19,10,0.23370075225830078
qiskit_t_nn,20,10,0.21069002151489258
qiskit_t_nn,20,10,0.20337677001953125
qiskit_t_nn,20,10,0.2058255672454834
qiskit_t_nn,20,10,0.2222304344177246
qiskit_t_nn,20,10,0.20781183242797852
qiskit_t_nn,20,10,0.1839902400970459
qiskit_t_nn,20,10,0.20553255081176758
qiskit_t_nn,20,10,0.19892501831054688
qiskit_t_nn,20,10,0.19761872291564941
qiskit_t_nn,20,10,0.22678375244140625
qiskit_t_nn,20,10,0.2054271697998047
qiskit_t_nn,20,10,0.19255733489990234
qiskit_t_nn,20,10,0.2108626365661621
qiskit_t_nn,20,10,0.19907903671264648
qiskit_t_nn,20,10,0.21179795265197754
qiskit_t_nn,20,10,0.1992936134338379
qiskit_t_nn,20,10,0.18974685668945312
qiskit_t_nn,20,10,0.19516253471374512
qiskit_t_nn,20,10,0.20087385177612305
qiskit_t_nn,20,10,0.20543479919433594
qiskit_t_nn,20,10,0.21707892417907715
qiskit_t_nn,20,10,0.19918036460876465
qiskit_t_nn,20,10,0.21577000617980957
qiskit_t_nn,20,10,0.21512150764465332
qiskit_t_nn,20,10,0.2084965705871582
qiskit_t_nn,20,10,0.21681833267211914
qiskit_t_nn,20,10,0.2086350917816162
qiskit_t_nn,20,10,0.2122180461883545
qiskit_t_nn,20,10,0.19764423370361328
qiskit_t_nn,20,10,0.2073957920074463
qiskit_t_nn,20,10,0.22164535522460938
qiskit_t_nn,20,10,0.21271252632141113
qiskit_t_nn,20,10,0.20756793022155762
qiskit_t_nn,20,10,0.20707082748413086
qiskit_t_nn,20,10,0.2037525177001953
qiskit_t_nn,20,10,0.21259117126464844
qiskit_t_nn,20,10,0.210693359375
qiskit_t_nn,20,10,0.195389986038208
qiskit_t_nn,20,10,0.20492911338806152
qiskit_t_nn,20,10,0.20261240005493164
qiskit_t_nn,20,10,0.20914363861083984
qiskit_t_nn,20,10,0.1941385269165039
qiskit_t_nn,20,10,0.21799373626708984
qiskit_t_nn,20,10,0.1972670555114746
qiskit_t_nn,20,10,0.2042849063873291
qiskit_t_nn,20,10,0.2036571502685547
qiskit_t_nn,20,10,0.20283102989196777
qiskit_t_nn,20,10,0.18918871879577637
qiskit_t_nn,20,10,0.19602584838867188
qiskit_t_nn,20,10,0.19697928428649902
qiskit_t_nn,20,10,0.20640826225280762
qiskit_t_nn,20,10,0.1994016170501709
qiskit_t_nn,20,10,0.20340466499328613
qiskit_t_nn,20,10,0.2243046760559082
qiskit_t_nn,20,10,0.18326854705810547
qiskit_t_nn,20,10,0.21101832389831543
qiskit_t_nn,20,10,0.20833492279052734
qiskit_t_nn,20,10,0.20891475677490234
qiskit_t_nn,20,10,0.2084817886352539
qiskit_t_nn,20,10,0.22833681106567383
qiskit_t_nn,20,10,0.19232654571533203
qiskit_t_nn,20,10,0.21176815032958984
qiskit_t_nn,20,10,0.19794273376464844
qiskit_t_nn,20,10,0.19943714141845703
qiskit_t_nn,20,10,0.22539353370666504
qiskit_t_nn,20,10,0.20072007179260254
qiskit_t_nn,20,10,0.2151353359222412
qiskit_t_nn,20,10,0.19057655334472656
qiskit_t_nn,20,10,0.20298027992248535
qiskit_t_nn,20,10,0.21521449089050293
qiskit_t_nn,20,10,0.20049405097961426
qiskit_t_nn,20,10,0.21380090713500977
qiskit_t_nn,20,10,0.18872499465942383
qiskit_t_nn,20,10,0.20634078979492188
qiskit_t_nn,20,10,0.20176076889038086
qiskit_t_nn,20,10,0.19724011421203613
qiskit_t_nn,20,10,0.20556163787841797
qiskit_t_nn,20,10,0.20620036125183105
qiskit_t_nn,20,10,0.19538569450378418
qiskit_t_nn,20,10,0.2112431526184082
qiskit_t_nn,20,10,0.20512700080871582
qiskit_t_nn,20,10,0.22926974296569824
qiskit_t_nn,20,10,0.19997477531433105
qiskit_t_nn,20,10,0.20277619361877441
qiskit_t_nn,20,10,0.20307183265686035
qiskit_t_nn,20,10,0.1984701156616211
qiskit_t_nn,20,10,0.2129349708557129
qiskit_t_nn,20,10,0.21077251434326172
qiskit_t_nn,20,10,0.20097064971923828
qiskit_t_nn,20,10,0.2086629867553711
qiskit_t_nn,20,10,0.2142186164855957
qiskit_t_nn,20,10,0.2023017406463623
qiskit_t_nn,20,10,0.22244739532470703
qiskit_t_nn,20,10,0.20097041130065918
qiskit_t_nn,20,10,0.21108031272888184
qiskit_t_nn,20,10,0.19802618026733398
qiskit_t_nn,20,10,0.21164250373840332
qiskit_t_nn,20,10,0.22649455070495605
qiskit_t_nn,20,10,0.2126634120941162
qiskit_t_nn,20,10,0.207794189453125
qiskit_t_nn,21,10,0.23324823379516602
qiskit_t_nn,21,10,0.22079133987426758
qiskit_t_nn,21,10,0.25004100799560547
qiskit_t_nn,21,10,0.23621439933776855
qiskit_t_nn,21,10,0.22447848320007324
qiskit_t_nn,21,10,0.23092365264892578
qiskit_t_nn,21,10,0.22898221015930176
qiskit_t_nn,21,10,0.2405848503112793
qiskit_t_nn,21,10,0.24670624732971191
qiskit_t_nn,21,10,0.22191858291625977
qiskit_t_nn,21,10,0.23299956321716309
qiskit_t_nn,21,10,0.2461714744567871
qiskit_t_nn,21,10,0.24698162078857422
qiskit_t_nn,21,10,0.2533376216888428
qiskit_t_nn,21,10,0.2507319450378418
qiskit_t_nn,21,10,0.2409212589263916
qiskit_t_nn,21,10,0.24006962776184082
qiskit_t_nn,21,10,0.24358630180358887
qiskit_t_nn,21,10,0.2580718994140625
qiskit_t_nn,21,10,0.2335672378540039
qiskit_t_nn,21,10,0.24701356887817383
qiskit_t_nn,21,10,0.24991917610168457
qiskit_t_nn,21,10,0.24114179611206055
qiskit_t_nn,21,10,0.26479172706604004
qiskit_t_nn,21,10,0.24151396751403809
qiskit_t_nn,21,10,0.24785327911376953
qiskit_t_nn,21,10,0.23706650733947754
qiskit_t_nn,21,10,0.23935389518737793
qiskit_t_nn,21,10,0.25835680961608887
qiskit_t_nn,21,10,0.23522663116455078
qiskit_t_nn,21,10,0.24425554275512695
qiskit_t_nn,21,10,0.2523961067199707
qiskit_t_nn,21,10,0.24738359451293945
qiskit_t_nn,21,10,0.2475731372833252
qiskit_t_nn,21,10,0.2436368465423584
qiskit_t_nn,21,10,0.24598336219787598
qiskit_t_nn,21,10,0.25362730026245117
qiskit_t_nn,21,10,0.2339177131652832
qiskit_t_nn,21,10,0.25176501274108887
qiskit_t_nn,21,10,0.24909663200378418
qiskit_t_nn,21,10,0.24547243118286133
qiskit_t_nn,21,10,0.2459547519683838
qiskit_t_nn,21,10,0.24141931533813477
qiskit_t_nn,21,10,0.23169183731079102
qiskit_t_nn,21,10,0.21706771850585938
qiskit_t_nn,21,10,0.22916674613952637
qiskit_t_nn,21,10,0.23114347457885742
qiskit_t_nn,21,10,0.24434781074523926
qiskit_t_nn,21,10,0.2377912998199463
qiskit_t_nn,21,10,0.26994991302490234
qiskit_t_nn,21,10,0.25197505950927734
qiskit_t_nn,21,10,0.2375776767730713
qiskit_t_nn,21,10,0.23901629447937012
qiskit_t_nn,21,10,0.2348010540008545
qiskit_t_nn,21,10,0.24774932861328125
qiskit_t_nn,21,10,0.2391211986541748
qiskit_t_nn,21,10,0.23814845085144043
qiskit_t_nn,21,10,0.23798131942749023
qiskit_t_nn,21,10,0.23372268676757812
qiskit_t_nn,21,10,0.25905537605285645
qiskit_t_nn,21,10,0.2483227252960205
qiskit_t_nn,21,10,0.22830796241760254
qiskit_t_nn,21,10,0.23254156112670898
qiskit_t_nn,21,10,0.2413179874420166
qiskit_t_nn,21,10,0.258983850479126
qiskit_t_nn,21,10,0.25327372550964355
qiskit_t_nn,21,10,0.2294480800628662
qiskit_t_nn,21,10,0.2183825969696045
qiskit_t_nn,21,10,0.24923992156982422
qiskit_t_nn,21,10,0.246964693069458
qiskit_t_nn,21,10,0.25714612007141113
qiskit_t_nn,21,10,0.25295019149780273
qiskit_t_nn,21,10,0.23893046379089355
qiskit_t_nn,21,10,0.23503732681274414
qiskit_t_nn,21,10,0.2423570156097412
qiskit_t_nn,21,10,0.24028539657592773
qiskit_t_nn,21,10,0.23731422424316406
qiskit_t_nn,21,10,0.2371511459350586
qiskit_t_nn,21,10,0.21785521507263184
qiskit_t_nn,21,10,0.23243498802185059
qiskit_t_nn,21,10,0.2477109432220459
qiskit_t_nn,21,10,0.23494315147399902
qiskit_t_nn,21,10,0.2502105236053467
qiskit_t_nn,21,10,0.2372281551361084
qiskit_t_nn,21,10,0.21576976776123047
qiskit_t_nn,21,10,0.2552659511566162
qiskit_t_nn,21,10,0.21672797203063965
qiskit_t_nn,21,10,0.23727989196777344
qiskit_t_nn,21,10,0.22214293479919434
qiskit_t_nn,21,10,0.24209284782409668
qiskit_t_nn,21,10,0.25957536697387695
qiskit_t_nn,21,10,0.22744441032409668
qiskit_t_nn,21,10,0.2362377643585205
qiskit_t_nn,21,10,0.2497258186340332
qiskit_t_nn,21,10,0.24025845527648926
qiskit_t_nn,21,10,0.23991966247558594
qiskit_t_nn,21,10,0.24227595329284668
qiskit_t_nn,21,10,0.2348308563232422
qiskit_t_nn,21,10,0.22939062118530273
qiskit_t_nn,21,10,0.22907757759094238
qiskit_t_nn,22,10,0.2897822856903076
qiskit_t_nn,22,10,0.29923319816589355
qiskit_t_nn,22,10,0.2744426727294922
qiskit_t_nn,22,10,0.28658199310302734
qiskit_t_nn,22,10,0.26586365699768066
qiskit_t_nn,22,10,0.28157973289489746
qiskit_t_nn,22,10,0.26129984855651855
qiskit_t_nn,22,10,0.2693908214569092
qiskit_t_nn,22,10,0.2521247863769531
qiskit_t_nn,22,10,0.2757425308227539
qiskit_t_nn,22,10,0.2807915210723877
qiskit_t_nn,22,10,0.2811570167541504
qiskit_t_nn,22,10,0.2803778648376465
qiskit_t_nn,22,10,0.2970616817474365
qiskit_t_nn,22,10,0.2799832820892334
qiskit_t_nn,22,10,0.2758188247680664
qiskit_t_nn,22,10,0.2834315299987793
qiskit_t_nn,22,10,0.2774333953857422
qiskit_t_nn,22,10,0.2554183006286621
qiskit_t_nn,22,10,0.27217793464660645
qiskit_t_nn,22,10,0.272899866104126
qiskit_t_nn,22,10,0.3104972839355469
qiskit_t_nn,22,10,0.2800018787384033
qiskit_t_nn,22,10,0.26500916481018066
qiskit_t_nn,22,10,0.27874302864074707
qiskit_t_nn,22,10,0.279069185256958
qiskit_t_nn,22,10,0.2955818176269531
qiskit_t_nn,22,10,0.29067420959472656
qiskit_t_nn,22,10,0.2681574821472168
qiskit_t_nn,22,10,0.25135040283203125
qiskit_t_nn,22,10,0.26584458351135254
qiskit_t_nn,22,10,0.26746511459350586
qiskit_t_nn,22,10,0.267913818359375
qiskit_t_nn,22,10,0.269852876663208
qiskit_t_nn,22,10,0.2914242744445801
qiskit_t_nn,22,10,0.28705883026123047
qiskit_t_nn,22,10,0.26995325088500977
qiskit_t_nn,22,10,0.2845911979675293
qiskit_t_nn,22,10,0.26851320266723633
qiskit_t_nn,22,10,0.2771780490875244
qiskit_t_nn,22,10,0.25082874298095703
qiskit_t_nn,22,10,0.2823665142059326
qiskit_t_nn,22,10,0.2652699947357178
qiskit_t_nn,22,10,0.2593419551849365
qiskit_t_nn,22,10,0.2678520679473877
qiskit_t_nn,22,10,0.2561070919036865
qiskit_t_nn,22,10,0.29215526580810547
qiskit_t_nn,22,10,0.27007293701171875
qiskit_t_nn,22,10,0.26215648651123047
qiskit_t_nn,22,10,0.28601503372192383
qiskit_t_nn,22,10,0.261627197265625
qiskit_t_nn,22,10,0.2787184715270996
qiskit_t_nn,22,10,0.25945162773132324
qiskit_t_nn,22,10,0.2944657802581787
qiskit_t_nn,22,10,0.2884054183959961
qiskit_t_nn,22,10,0.26358962059020996
qiskit_t_nn,22,10,0.29334092140197754
qiskit_t_nn,22,10,0.2639954090118408
qiskit_t_nn,22,10,0.2523500919342041
qiskit_t_nn,22,10,0.2881014347076416
qiskit_t_nn,22,10,0.2788505554199219
qiskit_t_nn,22,10,0.28678178787231445
qiskit_t_nn,22,10,0.28307104110717773
qiskit_t_nn,22,10,0.26771092414855957
qiskit_t_nn,22,10,0.25669169425964355
qiskit_t_nn,22,10,0.2671082019805908
qiskit_t_nn,22,10,0.2844228744506836
qiskit_t_nn,22,10,0.2692708969116211
qiskit_t_nn,22,10,0.27391552925109863
qiskit_t_nn,22,10,0.26972174644470215
qiskit_t_nn,22,10,0.28000855445861816
qiskit_t_nn,22,10,0.28993916511535645
qiskit_t_nn,22,10,0.2885444164276123
qiskit_t_nn,22,10,0.27114224433898926
qiskit_t_nn,22,10,0.25542163848876953
qiskit_t_nn,22,10,0.2608623504638672
qiskit_t_nn,22,10,0.24863386154174805
qiskit_t_nn,22,10,0.2790710926055908
qiskit_t_nn,22,10,0.26552653312683105
qiskit_t_nn,22,10,0.2756624221801758
qiskit_t_nn,22,10,0.28569889068603516
qiskit_t_nn,22,10,0.29965925216674805
qiskit_t_nn,22,10,0.249436616897583
qiskit_t_nn,22,10,0.2749311923980713
qiskit_t_nn,22,10,0.2538022994995117
qiskit_t_nn,22,10,0.2690927982330322
qiskit_t_nn,22,10,0.27518272399902344
qiskit_t_nn,22,10,0.2814958095550537
qiskit_t_nn,22,10,0.26862215995788574
qiskit_t_nn,22,10,0.2950165271759033
qiskit_t_nn,22,10,0.25742125511169434
qiskit_t_nn,22,10,0.27420783042907715
qiskit_t_nn,22,10,0.3122267723083496
qiskit_t_nn,22,10,0.2763092517852783
qiskit_t_nn,22,10,0.27702832221984863
qiskit_t_nn,22,10,0.27430200576782227
qiskit_t_nn,22,10,0.2588672637939453
qiskit_t_nn,22,10,0.2665367126464844
qiskit_t_nn,22,10,0.27215051651000977
qiskit_t_nn,22,10,0.2766408920288086
qiskit_t_nn,23,10,0.42235350608825684
qiskit_t_nn,23,10,0.4387643337249756
qiskit_t_nn,23,10,0.38288283348083496
qiskit_t_nn,23,10,0.40575361251831055
qiskit_t_nn,23,10,0.38222336769104004
qiskit_t_nn,23,10,0.3939840793609619
qiskit_t_nn,23,10,0.3932466506958008
qiskit_t_nn,23,10,0.3959085941314697
qiskit_t_nn,23,10,0.3959331512451172
qiskit_t_nn,23,10,0.38665056228637695
qiskit_t_nn,23,10,0.40610408782958984
qiskit_t_nn,23,10,0.4016709327697754
qiskit_t_nn,23,10,0.3914980888366699
qiskit_t_nn,23,10,0.39115476608276367
qiskit_t_nn,23,10,0.3759500980377197
qiskit_t_nn,23,10,0.40900492668151855
qiskit_t_nn,23,10,0.40514302253723145
qiskit_t_nn,23,10,0.38471388816833496
qiskit_t_nn,23,10,0.40085601806640625
qiskit_t_nn,23,10,0.39914751052856445
qiskit_t_nn,23,10,0.4196188449859619
qiskit_t_nn,23,10,0.4040541648864746
qiskit_t_nn,23,10,0.4034457206726074
qiskit_t_nn,23,10,0.3847382068634033
qiskit_t_nn,23,10,0.3928501605987549
qiskit_t_nn,23,10,0.40330982208251953
qiskit_t_nn,23,10,0.38350462913513184
qiskit_t_nn,23,10,0.41542959213256836
qiskit_t_nn,23,10,0.37596940994262695
qiskit_t_nn,23,10,0.4210829734802246
qiskit_t_nn,23,10,0.41788792610168457
qiskit_t_nn,23,10,0.3662748336791992
qiskit_t_nn,23,10,0.40514659881591797
qiskit_t_nn,23,10,0.3804652690887451
qiskit_t_nn,23,10,0.403125524520874
qiskit_t_nn,23,10,0.3899974822998047
qiskit_t_nn,23,10,0.42767930030822754
qiskit_t_nn,23,10,0.3809988498687744
qiskit_t_nn,23,10,0.3889892101287842
qiskit_t_nn,23,10,0.3883533477783203
qiskit_t_nn,23,10,0.406172513961792
qiskit_t_nn,23,10,0.3873913288116455
qiskit_t_nn,23,10,0.41123414039611816
qiskit_t_nn,23,10,0.4165771007537842
qiskit_t_nn,23,10,0.41466331481933594
qiskit_t_nn,23,10,0.39304304122924805
qiskit_t_nn,23,10,0.4024066925048828
qiskit_t_nn,23,10,0.4102029800415039
qiskit_t_nn,23,10,0.3937358856201172
qiskit_t_nn,23,10,0.40395259857177734
qiskit_t_nn,23,10,0.40422701835632324
qiskit_t_nn,23,10,0.4071049690246582
qiskit_t_nn,23,10,0.37460994720458984
qiskit_t_nn,23,10,0.39857029914855957
qiskit_t_nn,23,10,0.39389824867248535
qiskit_t_nn,23,10,0.40332961082458496
qiskit_t_nn,23,10,0.39935946464538574
qiskit_t_nn,23,10,0.3995223045349121
qiskit_t_nn,23,10,0.4053530693054199
qiskit_t_nn,23,10,0.4069070816040039
qiskit_t_nn,23,10,0.42455148696899414
qiskit_t_nn,23,10,0.3942577838897705
qiskit_t_nn,23,10,0.3717014789581299
qiskit_t_nn,23,10,0.3842654228210449
qiskit_t_nn,23,10,0.4129452705383301
qiskit_t_nn,23,10,0.4106571674346924
qiskit_t_nn,23,10,0.3721756935119629
qiskit_t_nn,23,10,0.3991048336029053
qiskit_t_nn,23,10,0.4114959239959717
qiskit_t_nn,23,10,0.4094374179840088
qiskit_t_nn,23,10,0.3938169479370117
qiskit_t_nn,23,10,0.39339518547058105
qiskit_t_nn,23,10,0.42312121391296387
qiskit_t_nn,23,10,0.3881947994232178
qiskit_t_nn,23,10,0.40343189239501953
qiskit_t_nn,23,10,0.4017772674560547
qiskit_t_nn,23,10,0.41244053840637207
qiskit_t_nn,23,10,0.3996763229370117
qiskit_t_nn,23,10,0.38304615020751953
qiskit_t_nn,23,10,0.38086867332458496
qiskit_t_nn,23,10,0.38608479499816895
qiskit_t_nn,23,10,0.4067234992980957
qiskit_t_nn,23,10,0.37103867530822754
qiskit_t_nn,23,10,0.41596102714538574
qiskit_t_nn,23,10,0.3978710174560547
qiskit_t_nn,23,10,0.37886738777160645
qiskit_t_nn,23,10,0.391247034072876
qiskit_t_nn,23,10,0.41788387298583984
qiskit_t_nn,23,10,0.3949098587036133
qiskit_t_nn,23,10,0.398134708404541
qiskit_t_nn,23,10,0.3769652843475342
qiskit_t_nn,23,10,0.417816162109375
qiskit_t_nn,23,10,0.37305712699890137
qiskit_t_nn,23,10,0.4021923542022705
qiskit_t_nn,23,10,0.3795139789581299
qiskit_t_nn,23,10,0.4126729965209961
qiskit_t_nn,23,10,0.40969038009643555
qiskit_t_nn,23,10,0.406524658203125
qiskit_t_nn,23,10,0.39285802841186523
qiskit_t_nn,23,10,0.41760921478271484
qiskit_t_nn,24,10,0.46198511123657227
qiskit_t_nn,24,10,0.47609972953796387
qiskit_t_nn,24,10,0.4769601821899414
qiskit_t_nn,24,10,0.44432663917541504
qiskit_t_nn,24,10,0.4489481449127197
qiskit_t_nn,24,10,0.4510231018066406
qiskit_t_nn,24,10,0.4635303020477295
qiskit_t_nn,24,10,0.42869019508361816
qiskit_t_nn,24,10,0.4600839614868164
qiskit_t_nn,24,10,0.43607044219970703
qiskit_t_nn,24,10,0.43585729598999023
qiskit_t_nn,24,10,0.4859161376953125
qiskit_t_nn,24,10,0.47997069358825684
qiskit_t_nn,24,10,0.4349973201751709
qiskit_t_nn,24,10,0.45375752449035645
qiskit_t_nn,24,10,0.4701390266418457
qiskit_t_nn,24,10,0.46288299560546875
qiskit_t_nn,24,10,0.47048425674438477
qiskit_t_nn,24,10,0.4820108413696289
qiskit_t_nn,24,10,0.4790463447570801
qiskit_t_nn,24,10,0.441295862197876
qiskit_t_nn,24,10,0.49815845489501953
qiskit_t_nn,24,10,0.45564723014831543
qiskit_t_nn,24,10,0.4737725257873535
qiskit_t_nn,24,10,0.46940112113952637
qiskit_t_nn,24,10,0.47557759284973145
qiskit_t_nn,24,10,0.4414975643157959
qiskit_t_nn,24,10,0.46871018409729004
qiskit_t_nn,24,10,0.42087745666503906
qiskit_t_nn,24,10,0.44712257385253906
qiskit_t_nn,24,10,0.4393141269683838
qiskit_t_nn,24,10,0.45448756217956543
qiskit_t_nn,24,10,0.44898462295532227
qiskit_t_nn,24,10,0.4740588665008545
qiskit_t_nn,24,10,0.4641764163970947
qiskit_t_nn,24,10,0.4332394599914551
qiskit_t_nn,24,10,0.45110034942626953
qiskit_t_nn,24,10,0.4613502025604248
qiskit_t_nn,24,10,0.44628429412841797
qiskit_t_nn,24,10,0.45090794563293457
qiskit_t_nn,24,10,0.4795341491699219
qiskit_t_nn,24,10,0.49204277992248535
qiskit_t_nn,24,10,0.4542076587677002
qiskit_t_nn,24,10,0.4281494617462158
qiskit_t_nn,24,10,0.46126699447631836
qiskit_t_nn,24,10,0.4643545150756836
qiskit_t_nn,24,10,0.4331796169281006
qiskit_t_nn,24,10,0.46735119819641113
qiskit_t_nn,24,10,0.45947813987731934
qiskit_t_nn,24,10,0.48028039932250977
qiskit_t_nn,24,10,0.4332113265991211
qiskit_t_nn,24,10,0.4833660125732422
qiskit_t_nn,24,10,0.45287656784057617
qiskit_t_nn,24,10,0.46399450302124023
qiskit_t_nn,24,10,0.43062663078308105
qiskit_t_nn,24,10,0.45595455169677734
qiskit_t_nn,24,10,0.4662923812866211
qiskit_t_nn,24,10,0.45581841468811035
qiskit_t_nn,24,10,0.48017334938049316
qiskit_t_nn,24,10,0.45189857482910156
qiskit_t_nn,24,10,0.4940521717071533
qiskit_t_nn,24,10,0.48065185546875
qiskit_t_nn,24,10,0.42127394676208496
qiskit_t_nn,24,10,0.47308874130249023
qiskit_t_nn,24,10,0.4642477035522461
qiskit_t_nn,24,10,0.4626743793487549
qiskit_t_nn,24,10,0.47307777404785156
qiskit_t_nn,24,10,0.4376053810119629
qiskit_t_nn,24,10,0.45075368881225586
qiskit_t_nn,24,10,0.47028493881225586
qiskit_t_nn,24,10,0.44023561477661133
qiskit_t_nn,24,10,0.46162962913513184
qiskit_t_nn,24,10,0.4595043659210205
qiskit_t_nn,24,10,0.4784657955169678
qiskit_t_nn,24,10,0.48538684844970703
qiskit_t_nn,24,10,0.4649009704589844
qiskit_t_nn,24,10,0.46918153762817383
qiskit_t_nn,24,10,0.4294872283935547
qiskit_t_nn,24,10,0.44890642166137695
qiskit_t_nn,24,10,0.4633769989013672
qiskit_t_nn,24,10,0.46018242835998535
qiskit_t_nn,24,10,0.4448263645172119
qiskit_t_nn,24,10,0.46724605560302734
qiskit_t_nn,24,10,0.4876556396484375
qiskit_t_nn,24,10,0.4732174873352051
qiskit_t_nn,24,10,0.5040721893310547
qiskit_t_nn,24,10,0.43605971336364746
qiskit_t_nn,24,10,0.4706709384918213
qiskit_t_nn,24,10,0.4505746364593506
qiskit_t_nn,24,10,0.4792158603668213
qiskit_t_nn,24,10,0.4669985771179199
qiskit_t_nn,24,10,0.47782206535339355
qiskit_t_nn,24,10,0.4643702507019043
qiskit_t_nn,24,10,0.4670381546020508
qiskit_t_nn,24,10,0.45285749435424805
qiskit_t_nn,24,10,0.49341845512390137
qiskit_t_nn,24,10,0.4848291873931885
qiskit_t_nn,24,10,0.4676351547241211
qiskit_t_nn,24,10,0.4715919494628906
qiskit_t_nn,24,10,0.4742286205291748
qiskit_t_nn,25,10,0.718705415725708
qiskit_t_nn,25,10,0.6758198738098145
qiskit_t_nn,25,10,0.7043044567108154
qiskit_t_nn,25,10,0.7541055679321289
qiskit_t_nn,25,10,0.677227258682251
qiskit_t_nn,25,10,0.6290054321289062
qiskit_t_nn,25,10,0.6702725887298584
qiskit_t_nn,25,10,0.6949944496154785
qiskit_t_nn,25,10,0.7038209438323975
qiskit_t_nn,25,10,0.690842866897583
qiskit_t_nn,25,10,0.6542313098907471
qiskit_t_nn,25,10,0.7072303295135498
qiskit_t_nn,25,10,0.6758227348327637
qiskit_t_nn,25,10,0.7186756134033203
qiskit_t_nn,25,10,0.691047191619873
qiskit_t_nn,25,10,0.6367487907409668
qiskit_t_nn,25,10,0.6987583637237549
qiskit_t_nn,25,10,0.7236905097961426
qiskit_t_nn,25,10,0.6793394088745117
qiskit_t_nn,25,10,0.6566927433013916
qiskit_t_nn,25,10,0.725003719329834
qiskit_t_nn,25,10,0.7520911693572998
qiskit_t_nn,25,10,0.6793825626373291
qiskit_t_nn,25,10,0.6842029094696045
qiskit_t_nn,25,10,0.7068748474121094
qiskit_t_nn,25,10,0.669243335723877
qiskit_t_nn,25,10,0.6911444664001465
qiskit_t_nn,25,10,0.6625351905822754
qiskit_t_nn,25,10,0.6926629543304443
qiskit_t_nn,25,10,0.6352558135986328
qiskit_t_nn,25,10,0.7192254066467285
qiskit_t_nn,25,10,0.6592302322387695
qiskit_t_nn,25,10,0.6804666519165039
qiskit_t_nn,25,10,0.6761393547058105
qiskit_t_nn,25,10,0.6930499076843262
qiskit_t_nn,25,10,0.682187557220459
qiskit_t_nn,25,10,0.6506001949310303
qiskit_t_nn,25,10,0.7026402950286865
qiskit_t_nn,25,10,0.6900966167449951
qiskit_t_nn,25,10,0.68733811378479
qiskit_t_nn,25,10,0.6884462833404541
qiskit_t_nn,25,10,0.729276180267334
qiskit_t_nn,25,10,0.672093391418457
qiskit_t_nn,25,10,0.6793513298034668
qiskit_t_nn,25,10,0.6523714065551758
qiskit_t_nn,25,10,0.7141752243041992
qiskit_t_nn,25,10,0.6562907695770264
qiskit_t_nn,25,10,0.7166500091552734
qiskit_t_nn,25,10,0.7144522666931152
qiskit_t_nn,25,10,0.7038600444793701
qiskit_t_nn,25,10,0.726693868637085
qiskit_t_nn,25,10,0.7058026790618896
qiskit_t_nn,25,10,0.6591145992279053
qiskit_t_nn,25,10,0.6592235565185547
qiskit_t_nn,25,10,0.6607749462127686
qiskit_t_nn,25,10,0.6705918312072754
qiskit_t_nn,25,10,0.6892790794372559
qiskit_t_nn,25,10,0.7028875350952148
qiskit_t_nn,25,10,0.7206196784973145
qiskit_t_nn,25,10,0.7208647727966309
qiskit_t_nn,25,10,0.6869552135467529
qiskit_t_nn,25,10,0.6944921016693115
qiskit_t_nn,25,10,0.659104585647583
qiskit_t_nn,25,10,0.6779158115386963
qiskit_t_nn,25,10,0.6403179168701172
qiskit_t_nn,25,10,0.6726105213165283
qiskit_t_nn,25,10,0.6263220310211182
qiskit_t_nn,25,10,0.6714885234832764
qiskit_t_nn,25,10,0.7468709945678711
qiskit_t_nn,25,10,0.6682991981506348
qiskit_t_nn,25,10,0.7060778141021729
qiskit_t_nn,25,10,0.670372724533081
qiskit_t_nn,25,10,0.6299648284912109
qiskit_t_nn,25,10,0.6761698722839355
qiskit_t_nn,25,10,0.7003669738769531
qiskit_t_nn,25,10,0.6854329109191895
qiskit_t_nn,25,10,0.747730016708374
qiskit_t_nn,25,10,0.6664974689483643
qiskit_t_nn,25,10,0.695544958114624
qiskit_t_nn,25,10,0.7187013626098633
qiskit_t_nn,25,10,0.7599678039550781
qiskit_t_nn,25,10,0.7156829833984375
qiskit_t_nn,25,10,0.6947531700134277
qiskit_t_nn,25,10,0.6774356365203857
qiskit_t_nn,25,10,0.6985807418823242
qiskit_t_nn,25,10,0.732203483581543
qiskit_t_nn,25,10,0.6933550834655762
qiskit_t_nn,25,10,0.6621279716491699
qiskit_t_nn,25,10,0.7071466445922852
qiskit_t_nn,25,10,0.7052972316741943
qiskit_t_nn,25,10,0.700397253036499
qiskit_t_nn,25,10,0.689218282699585
qiskit_t_nn,25,10,0.7226443290710449
qiskit_t_nn,25,10,0.6725420951843262
qiskit_t_nn,25,10,0.7027168273925781
qiskit_t_nn,25,10,0.7116608619689941
qiskit_t_nn,25,10,0.6492948532104492
qiskit_t_nn,25,10,0.7149534225463867
qiskit_t_nn,25,10,0.7151217460632324
qiskit_t_nn,25,10,0.6917057037353516
qiskit_t_nn,26,10,1.1845269203186035
qiskit_t_nn,26,10,1.1503524780273438
qiskit_t_nn,26,10,1.1869051456451416
qiskit_t_nn,26,10,1.1577718257904053
qiskit_t_nn,26,10,1.1359343528747559
qiskit_t_nn,26,10,1.1393828392028809
qiskit_t_nn,26,10,1.20853853225708
qiskit_t_nn,26,10,1.1884534358978271
qiskit_t_nn,26,10,1.1428208351135254
qiskit_t_nn,26,10,1.0684714317321777
qiskit_t_nn,26,10,1.0954108238220215
qiskit_t_nn,26,10,1.1945667266845703
qiskit_t_nn,26,10,1.1934776306152344
qiskit_t_nn,26,10,1.2906501293182373
qiskit_t_nn,26,10,1.1179258823394775
qiskit_t_nn,26,10,1.1546051502227783
qiskit_t_nn,26,10,1.2750718593597412
qiskit_t_nn,26,10,1.1891670227050781
qiskit_t_nn,26,10,1.2217869758605957
qiskit_t_nn,26,10,1.1989541053771973
qiskit_t_nn,26,10,1.1333627700805664
qiskit_t_nn,26,10,1.1575639247894287
qiskit_t_nn,26,10,1.1621999740600586
qiskit_t_nn,26,10,1.2604682445526123
qiskit_t_nn,26,10,1.1582255363464355
qiskit_t_nn,26,10,1.154585838317871
qiskit_t_nn,26,10,1.1486680507659912
qiskit_t_nn,26,10,1.1848702430725098
qiskit_t_nn,26,10,1.1697359085083008
qiskit_t_nn,26,10,1.216179370880127
qiskit_t_nn,26,10,1.0593326091766357
qiskit_t_nn,26,10,1.1197285652160645
qiskit_t_nn,26,10,1.2214279174804688
qiskit_t_nn,26,10,1.1205263137817383
qiskit_t_nn,26,10,1.2254900932312012
qiskit_t_nn,26,10,1.0599339008331299
qiskit_t_nn,26,10,1.2109653949737549
qiskit_t_nn,26,10,1.2442622184753418
qiskit_t_nn,26,10,1.1945288181304932
qiskit_t_nn,26,10,1.042546033859253
qiskit_t_nn,26,10,1.1499111652374268
qiskit_t_nn,26,10,1.2353143692016602
qiskit_t_nn,26,10,1.2655208110809326
qiskit_t_nn,26,10,1.2736270427703857
qiskit_t_nn,26,10,1.297321081161499
qiskit_t_nn,26,10,1.1934294700622559
qiskit_t_nn,26,10,1.2123959064483643
qiskit_t_nn,26,10,1.1922597885131836
qiskit_t_nn,26,10,1.1658508777618408
qiskit_t_nn,26,10,1.13690185546875
qiskit_t_nn,26,10,1.1682863235473633
qiskit_t_nn,26,10,1.2078971862792969
qiskit_t_nn,26,10,1.135411262512207
qiskit_t_nn,26,10,1.2008023262023926
qiskit_t_nn,26,10,1.2327675819396973
qiskit_t_nn,26,10,1.1596102714538574
qiskit_t_nn,26,10,1.209529161453247
qiskit_t_nn,26,10,1.1296300888061523
qiskit_t_nn,26,10,1.1819701194763184
qiskit_t_nn,26,10,1.1912786960601807
qiskit_t_nn,26,10,1.1560626029968262
qiskit_t_nn,26,10,1.1968913078308105
qiskit_t_nn,26,10,1.1612210273742676
qiskit_t_nn,26,10,1.153331995010376
qiskit_t_nn,26,10,1.1851677894592285
qiskit_t_nn,26,10,1.1940629482269287
qiskit_t_nn,26,10,1.0647838115692139
qiskit_t_nn,26,10,1.1832833290100098
qiskit_t_nn,26,10,1.1983537673950195
qiskit_t_nn,26,10,1.2118268013000488
qiskit_t_nn,26,10,1.3207898139953613
qiskit_t_nn,26,10,1.1031627655029297
qiskit_t_nn,26,10,1.2449781894683838
qiskit_t_nn,26,10,1.1554739475250244
qiskit_t_nn,26,10,1.1863973140716553
qiskit_t_nn,26,10,1.157392978668213
qiskit_t_nn,26,10,1.1920876502990723
qiskit_t_nn,26,10,1.2369906902313232
qiskit_t_nn,26,10,1.1068100929260254
qiskit_t_nn,26,10,1.129347801208496
qiskit_t_nn,26,10,1.209683895111084
qiskit_t_nn,26,10,1.3285200595855713
qiskit_t_nn,26,10,1.2090654373168945
qiskit_t_nn,26,10,1.133704662322998
qiskit_t_nn,26,10,1.234647274017334
qiskit_t_nn,26,10,1.227914810180664
qiskit_t_nn,26,10,1.2665982246398926
qiskit_t_nn,26,10,1.1754374504089355
qiskit_t_nn,26,10,1.1857247352600098
qiskit_t_nn,26,10,1.1471922397613525
qiskit_t_nn,26,10,1.2057561874389648
qiskit_t_nn,26,10,1.151473045349121
qiskit_t_nn,26,10,1.1185634136199951
qiskit_t_nn,26,10,1.2411749362945557
qiskit_t_nn,26,10,1.2086544036865234
qiskit_t_nn,26,10,1.180983543395996
qiskit_t_nn,26,10,1.211909294128418
qiskit_t_nn,26,10,1.2247250080108643
qiskit_t_nn,26,10,1.2242119312286377
qiskit_t_nn,26,10,1.1481492519378662
qiskit_t_nn,27,10,2.2205026149749756
qiskit_t_nn,27,10,2.5108349323272705
qiskit_t_nn,27,10,2.272301197052002
qiskit_t_nn,27,10,2.3710038661956787
qiskit_t_nn,27,10,2.397766590118408
qiskit_t_nn,27,10,2.309196710586548
qiskit_t_nn,27,10,2.181645154953003
qiskit_t_nn,27,10,2.397649049758911
qiskit_t_nn,27,10,2.4537906646728516
qiskit_t_nn,27,10,2.4845621585845947
qiskit_t_nn,27,10,2.3047704696655273
qiskit_t_nn,27,10,2.2770583629608154
qiskit_t_nn,27,10,2.37709903717041
qiskit_t_nn,27,10,2.3285207748413086
qiskit_t_nn,27,10,2.5354409217834473
qiskit_t_nn,27,10,2.3355231285095215
qiskit_t_nn,27,10,2.551792860031128
qiskit_t_nn,27,10,2.3643429279327393
qiskit_t_nn,27,10,2.4254822731018066
qiskit_t_nn,27,10,2.4376447200775146
qiskit_t_nn,27,10,2.5024092197418213
qiskit_t_nn,27,10,2.379390239715576
qiskit_t_nn,27,10,2.450894832611084
qiskit_t_nn,27,10,2.399482488632202
qiskit_t_nn,27,10,2.2360122203826904
qiskit_t_nn,27,10,2.499776601791382
qiskit_t_nn,27,10,2.4280550479888916
qiskit_t_nn,27,10,2.396077871322632
qiskit_t_nn,27,10,2.3292136192321777
qiskit_t_nn,27,10,2.4139018058776855
qiskit_t_nn,27,10,2.27103853225708
qiskit_t_nn,27,10,2.2513909339904785
qiskit_t_nn,27,10,2.280092477798462
qiskit_t_nn,27,10,2.393125057220459
qiskit_t_nn,27,10,2.5039050579071045
qiskit_t_nn,27,10,2.452692985534668
qiskit_t_nn,27,10,2.375383138656616
qiskit_t_nn,27,10,2.3907759189605713
qiskit_t_nn,27,10,2.4286839962005615
qiskit_t_nn,27,10,2.089601516723633
qiskit_t_nn,27,10,2.3767898082733154
qiskit_t_nn,27,10,2.490008592605591
qiskit_t_nn,27,10,2.4577503204345703
qiskit_t_nn,27,10,2.40447735786438
qiskit_t_nn,27,10,2.326094388961792
qiskit_t_nn,27,10,2.180504083633423
qiskit_t_nn,27,10,2.3562612533569336
qiskit_t_nn,27,10,2.467515468597412
qiskit_t_nn,27,10,2.328012228012085
qiskit_t_nn,27,10,2.537753105163574
qiskit_t_nn,27,10,2.4784843921661377
qiskit_t_nn,27,10,2.394381284713745
qiskit_t_nn,27,10,2.388078451156616
qiskit_t_nn,27,10,2.389312505722046
qiskit_t_nn,27,10,2.3882651329040527
qiskit_t_nn,27,10,2.280423879623413
qiskit_t_nn,27,10,2.504192590713501
qiskit_t_nn,27,10,2.4695756435394287
qiskit_t_nn,27,10,2.378878116607666
qiskit_t_nn,27,10,2.395787239074707
qiskit_t_nn,27,10,2.617663860321045
qiskit_t_nn,27,10,2.294055938720703
qiskit_t_nn,27,10,2.4294941425323486
qiskit_t_nn,27,10,2.3917503356933594
qiskit_t_nn,27,10,2.499634027481079
qiskit_t_nn,27,10,2.2822673320770264
qiskit_t_nn,27,10,2.4929018020629883
qiskit_t_nn,27,10,2.259160280227661
qiskit_t_nn,27,10,2.401611328125
qiskit_t_nn,27,10,2.3757288455963135
qiskit_t_nn,27,10,2.3192224502563477
qiskit_t_nn,27,10,2.388477325439453
qiskit_t_nn,27,10,2.5475094318389893
qiskit_t_nn,27,10,2.5811378955841064
qiskit_t_nn,27,10,2.497819185256958
qiskit_t_nn,27,10,2.1368212699890137
qiskit_t_nn,27,10,2.4950060844421387
qiskit_t_nn,27,10,2.214630365371704
qiskit_t_nn,27,10,2.4347898960113525
qiskit_t_nn,27,10,2.2967686653137207
qiskit_t_nn,27,10,2.365617036819458
qiskit_t_nn,27,10,2.3708667755126953
qiskit_t_nn,27,10,2.509073495864868
qiskit_t_nn,27,10,2.523402452468872
qiskit_t_nn,27,10,2.5479843616485596
qiskit_t_nn,27,10,2.5578763484954834
qiskit_t_nn,27,10,2.4269564151763916
qiskit_t_nn,27,10,2.4872584342956543
qiskit_t_nn,27,10,2.550450086593628
qiskit_t_nn,27,10,2.6105921268463135
qiskit_t_nn,27,10,2.4961800575256348
qiskit_t_nn,27,10,2.437129020690918
qiskit_t_nn,27,10,2.354748249053955
qiskit_t_nn,27,10,2.5973284244537354
qiskit_t_nn,27,10,2.4444639682769775
qiskit_t_nn,27,10,2.3767712116241455
qiskit_t_nn,27,10,2.5635018348693848
qiskit_t_nn,27,10,2.312966823577881
qiskit_t_nn,27,10,2.3507633209228516
qiskit_t_nn,27,10,2.6024162769317627
