name,num_qubits,time
cirq_qft,4,0.002554178237915039
cirq_qft,4,0.0017364025115966797
cirq_qft,4,0.0016939640045166016
cirq_qft,4,0.0016794204711914062
cirq_qft,4,0.0016674995422363281
cirq_qft,4,0.0016562938690185547
cirq_qft,4,0.0016779899597167969
cirq_qft,4,0.0016467571258544922
cirq_qft,4,0.0016715526580810547
cirq_qft,4,0.0016808509826660156
cirq_qft,4,0.0016522407531738281
cirq_qft,4,0.0016529560089111328
cirq_qft,4,0.0016584396362304688
cirq_qft,4,0.001664876937866211
cirq_qft,4,0.0016674995422363281
cirq_qft,4,0.0016639232635498047
cirq_qft,4,0.0016632080078125
cirq_qft,4,0.001682281494140625
cirq_qft,4,0.0016963481903076172
cirq_qft,4,0.0016951560974121094
cirq_qft,4,0.0016667842864990234
cirq_qft,4,0.0016551017761230469
cirq_qft,4,0.0016717910766601562
cirq_qft,4,0.0016541481018066406
cirq_qft,4,0.0016772747039794922
cirq_qft,4,0.0016379356384277344
cirq_qft,4,0.0016646385192871094
cirq_qft,4,0.0016739368438720703
cirq_qft,4,0.0016679763793945312
cirq_qft,4,0.0016307830810546875
cirq_qft,4,0.0016484260559082031
cirq_qft,4,0.0016586780548095703
cirq_qft,4,0.0016567707061767578
cirq_qft,4,0.0016493797302246094
cirq_qft,4,0.0016546249389648438
cirq_qft,4,0.0016489028930664062
cirq_qft,4,0.0016946792602539062
cirq_qft,4,0.0016524791717529297
cirq_qft,4,0.0016427040100097656
cirq_qft,4,0.0016443729400634766
cirq_qft,4,0.0016355514526367188
cirq_qft,4,0.0016744136810302734
cirq_qft,4,0.0016455650329589844
cirq_qft,4,0.0016736984252929688
cirq_qft,4,0.0016486644744873047
cirq_qft,4,0.0017018318176269531
cirq_qft,4,0.0016400814056396484
cirq_qft,4,0.0016660690307617188
cirq_qft,4,0.0016324520111083984
cirq_qft,4,0.0016553401947021484
cirq_qft,4,0.0016553401947021484
cirq_qft,4,0.0016636848449707031
cirq_qft,4,0.0016369819641113281
cirq_qft,4,0.0016608238220214844
cirq_qft,4,0.001634836196899414
cirq_qft,4,0.0016503334045410156
cirq_qft,4,0.001646280288696289
cirq_qft,4,0.001641988754272461
cirq_qft,4,0.0016570091247558594
cirq_qft,4,0.0016407966613769531
cirq_qft,4,0.002301931381225586
cirq_qft,4,0.0016412734985351562
cirq_qft,4,0.0016579627990722656
cirq_qft,4,0.0016493797302246094
cirq_qft,4,0.0016703605651855469
cirq_qft,4,0.0016505718231201172
cirq_qft,4,0.0016567707061767578
cirq_qft,4,0.0016627311706542969
cirq_qft,4,0.0016531944274902344
cirq_qft,4,0.001661539077758789
cirq_qft,4,0.0016503334045410156
cirq_qft,4,0.0016624927520751953
cirq_qft,4,0.0016450881958007812
cirq_qft,4,0.0016694068908691406
cirq_qft,4,0.001634359359741211
cirq_qft,4,0.0016512870788574219
cirq_qft,4,0.0016322135925292969
cirq_qft,4,0.0016546249389648438
cirq_qft,4,0.0016608238220214844
cirq_qft,4,0.00165557861328125
cirq_qft,4,0.001638174057006836
cirq_qft,4,0.0016558170318603516
cirq_qft,4,0.0016286373138427734
cirq_qft,4,0.0016682147979736328
cirq_qft,4,0.001638174057006836
cirq_qft,4,0.0016384124755859375
cirq_qft,4,0.0016322135925292969
cirq_qft,4,0.0016326904296875
cirq_qft,4,0.001667022705078125
cirq_qft,4,0.0016329288482666016
cirq_qft,4,0.001657247543334961
cirq_qft,4,0.0016379356384277344
cirq_qft,4,0.0016624927520751953
cirq_qft,4,0.0016214847564697266
cirq_qft,4,0.0016469955444335938
cirq_qft,4,0.0016248226165771484
cirq_qft,4,0.0016455650329589844
cirq_qft,4,0.00164031982421875
cirq_qft,4,0.0016448497772216797
cirq_qft,4,0.0016264915466308594
cirq_qft,5,0.0021066665649414062
cirq_qft,5,0.002102375030517578
cirq_qft,5,0.002065896987915039
cirq_qft,5,0.002085447311401367
cirq_qft,5,0.002091646194458008
cirq_qft,5,0.0020837783813476562
cirq_qft,5,0.002063274383544922
cirq_qft,5,0.0020809173583984375
cirq_qft,5,0.0020699501037597656
cirq_qft,5,0.0020825862884521484
cirq_qft,5,0.0020859241485595703
cirq_qft,5,0.0020613670349121094
cirq_qft,5,0.0020875930786132812
cirq_qft,5,0.002093076705932617
cirq_qft,5,0.0020766258239746094
cirq_qft,5,0.0020787715911865234
cirq_qft,5,0.0021152496337890625
cirq_qft,5,0.0020897388458251953
cirq_qft,5,0.0020873546600341797
cirq_qft,5,0.0020952224731445312
cirq_qft,5,0.0021200180053710938
cirq_qft,5,0.0020830631256103516
cirq_qft,5,0.0020868778228759766
cirq_qft,5,0.0020830631256103516
cirq_qft,5,0.002053976058959961
cirq_qft,5,0.0020766258239746094
cirq_qft,5,0.002089262008666992
cirq_qft,5,0.002078533172607422
cirq_qft,5,0.0020821094512939453
cirq_qft,5,0.002085447311401367
cirq_qft,5,0.0020635128021240234
cirq_qft,5,0.0020904541015625
cirq_qft,5,0.002086162567138672
cirq_qft,5,0.0020668506622314453
cirq_qft,5,0.0020711421966552734
cirq_qft,5,0.002115964889526367
cirq_qft,5,0.0020749568939208984
cirq_qft,5,0.002077341079711914
cirq_qft,5,0.0021157264709472656
cirq_qft,5,0.002058744430541992
cirq_qft,5,0.0020651817321777344
cirq_qft,5,0.002074718475341797
cirq_qft,5,0.00206756591796875
cirq_qft,5,0.0020513534545898438
cirq_qft,5,0.002065896987915039
cirq_qft,5,0.0020437240600585938
cirq_qft,5,0.002067089080810547
cirq_qft,5,0.0020885467529296875
cirq_qft,5,0.0020477771759033203
cirq_qft,5,0.002069711685180664
cirq_qft,5,0.002065420150756836
cirq_qft,5,0.002065896987915039
cirq_qft,5,0.0020492076873779297
cirq_qft,5,0.002081632614135742
cirq_qft,5,0.0020699501037597656
cirq_qft,5,0.002046823501586914
cirq_qft,5,0.0020678043365478516
cirq_qft,5,0.002081155776977539
cirq_qft,5,0.002053499221801758
cirq_qft,5,0.0020668506622314453
cirq_qft,5,0.0020689964294433594
cirq_qft,5,0.002068042755126953
cirq_qft,5,0.0020799636840820312
cirq_qft,5,0.002078533172607422
cirq_qft,5,0.0020678043365478516
cirq_qft,5,0.002089262008666992
cirq_qft,5,0.0020842552185058594
cirq_qft,5,0.0020601749420166016
cirq_qft,5,0.002081155776977539
cirq_qft,5,0.0020742416381835938
cirq_qft,5,0.002046346664428711
cirq_qft,5,0.002070903778076172
cirq_qft,5,0.0020732879638671875
cirq_qft,5,0.0020558834075927734
cirq_qft,5,0.0020568370819091797
cirq_qft,5,0.0020852088928222656
cirq_qft,5,0.0020470619201660156
cirq_qft,5,0.0020513534545898438
cirq_qft,5,0.0020754337310791016
cirq_qft,5,0.0020668506622314453
cirq_qft,5,0.0020482540130615234
cirq_qft,5,0.0020751953125
cirq_qft,5,0.002046346664428711
cirq_qft,5,0.0020749568939208984
cirq_qft,5,0.002079010009765625
cirq_qft,5,0.0020661354064941406
cirq_qft,5,0.0020668506622314453
cirq_qft,5,0.00209808349609375
cirq_qft,5,0.0020589828491210938
cirq_qft,5,0.002056598663330078
cirq_qft,5,0.0020935535430908203
cirq_qft,5,0.0020542144775390625
cirq_qft,5,0.0020515918731689453
cirq_qft,5,0.002076864242553711
cirq_qft,5,0.002084016799926758
cirq_qft,5,0.0020499229431152344
cirq_qft,5,0.002069711685180664
cirq_qft,5,0.0020673274993896484
cirq_qft,5,0.0020546913146972656
cirq_qft,5,0.0020689964294433594
cirq_qft,6,0.002656221389770508
cirq_qft,6,0.0026628971099853516
cirq_qft,6,0.0026216506958007812
cirq_qft,6,0.0026133060455322266
cirq_qft,6,0.002634286880493164
cirq_qft,6,0.0026357173919677734
cirq_qft,6,0.002635955810546875
cirq_qft,6,0.0026328563690185547
cirq_qft,6,0.002631664276123047
cirq_qft,6,0.0026273727416992188
cirq_qft,6,0.0026056766510009766
cirq_qft,6,0.002602815628051758
cirq_qft,6,0.0026214122772216797
cirq_qft,6,0.002607583999633789
cirq_qft,6,0.002615213394165039
cirq_qft,6,0.002642393112182617
cirq_qft,6,0.002625703811645508
cirq_qft,6,0.0025904178619384766
cirq_qft,6,0.0026128292083740234
cirq_qft,6,0.0025987625122070312
cirq_qft,6,0.002656221389770508
cirq_qft,6,0.0026297569274902344
cirq_qft,6,0.002600431442260742
cirq_qft,6,0.0026030540466308594
cirq_qft,6,0.002623319625854492
cirq_qft,6,0.0025877952575683594
cirq_qft,6,0.002588987350463867
cirq_qft,6,0.002616405487060547
cirq_qft,6,0.002600431442260742
cirq_qft,6,0.0026111602783203125
cirq_qft,6,0.002617359161376953
cirq_qft,6,0.002595186233520508
cirq_qft,6,0.0025789737701416016
cirq_qft,6,0.002592802047729492
cirq_qft,6,0.0025947093963623047
cirq_qft,6,0.0025877952575683594
cirq_qft,6,0.0026018619537353516
cirq_qft,6,0.0026025772094726562
cirq_qft,6,0.0025968551635742188
cirq_qft,6,0.0025742053985595703
cirq_qft,6,0.0026597976684570312
cirq_qft,6,0.002690553665161133
cirq_qft,6,0.002612590789794922
cirq_qft,6,0.0026226043701171875
cirq_qft,6,0.0026237964630126953
cirq_qft,6,0.0026161670684814453
cirq_qft,6,0.00258636474609375
cirq_qft,6,0.002600431442260742
cirq_qft,6,0.002574920654296875
cirq_qft,6,0.002596139907836914
cirq_qft,6,0.002625703811645508
cirq_qft,6,0.002623319625854492
cirq_qft,6,0.002604961395263672
cirq_qft,6,0.002611398696899414
cirq_qft,6,0.002633333206176758
cirq_qft,6,0.002594470977783203
cirq_qft,6,0.002618551254272461
cirq_qft,6,0.0026006698608398438
cirq_qft,6,0.0026061534881591797
cirq_qft,6,0.002618074417114258
cirq_qft,6,0.0026001930236816406
cirq_qft,6,0.0025856494903564453
cirq_qft,6,0.0026073455810546875
cirq_qft,6,0.002624034881591797
cirq_qft,6,0.002607583999633789
cirq_qft,6,0.002622365951538086
cirq_qft,6,0.00262451171875
cirq_qft,6,0.0026192665100097656
cirq_qft,6,0.002592802047729492
cirq_qft,6,0.002596616744995117
cirq_qft,6,0.0026025772094726562
cirq_qft,6,0.0026090145111083984
cirq_qft,6,0.002614259719848633
cirq_qft,6,0.0026192665100097656
cirq_qft,6,0.0026123523712158203
cirq_qft,6,0.0025959014892578125
cirq_qft,6,0.0026051998138427734
cirq_qft,6,0.002593994140625
cirq_qft,6,0.002607107162475586
cirq_qft,6,0.0026216506958007812
cirq_qft,6,0.0026111602783203125
cirq_qft,6,0.002610445022583008
cirq_qft,6,0.0026400089263916016
cirq_qft,6,0.0025954246520996094
cirq_qft,6,0.002608060836791992
cirq_qft,6,0.0026280879974365234
cirq_qft,6,0.0026149749755859375
cirq_qft,6,0.002621889114379883
cirq_qft,6,0.002632617950439453
cirq_qft,6,0.002615213394165039
cirq_qft,6,0.0025970935821533203
cirq_qft,6,0.002619504928588867
cirq_qft,6,0.002617359161376953
cirq_qft,6,0.002604246139526367
cirq_qft,6,0.002611398696899414
cirq_qft,6,0.002620697021484375
cirq_qft,6,0.0026154518127441406
cirq_qft,6,0.002588033676147461
cirq_qft,6,0.0025904178619384766
cirq_qft,6,0.0025947093963623047
cirq_qft,7,0.003213167190551758
cirq_qft,7,0.0031583309173583984
cirq_qft,7,0.0031685829162597656
cirq_qft,7,0.003139495849609375
cirq_qft,7,0.003169536590576172
cirq_qft,7,0.0031630992889404297
cirq_qft,7,0.003173828125
cirq_qft,7,0.003172159194946289
cirq_qft,7,0.0031669139862060547
cirq_qft,7,0.0031898021697998047
cirq_qft,7,0.0031850337982177734
cirq_qft,7,0.003190279006958008
cirq_qft,7,0.003173351287841797
cirq_qft,7,0.003180265426635742
cirq_qft,7,0.0031821727752685547
cirq_qft,7,0.003180980682373047
cirq_qft,7,0.003199338912963867
cirq_qft,7,0.0031697750091552734
cirq_qft,7,0.0031845569610595703
cirq_qft,7,0.0031549930572509766
cirq_qft,7,0.0031633377075195312
cirq_qft,7,0.0031728744506835938
cirq_qft,7,0.003176450729370117
cirq_qft,7,0.003195047378540039
cirq_qft,7,0.0031931400299072266
cirq_qft,7,0.0032422542572021484
cirq_qft,7,0.003200531005859375
cirq_qft,7,0.0032024383544921875
cirq_qft,7,0.0031936168670654297
cirq_qft,7,0.0031747817993164062
cirq_qft,7,0.003194093704223633
cirq_qft,7,0.003172159194946289
cirq_qft,7,0.003178119659423828
cirq_qft,7,0.003148317337036133
cirq_qft,7,0.003152608871459961
cirq_qft,7,0.003181934356689453
cirq_qft,7,0.003173351287841797
cirq_qft,7,0.0031845569610595703
cirq_qft,7,0.0031862258911132812
cirq_qft,7,0.0031728744506835938
cirq_qft,7,0.003181934356689453
cirq_qft,7,0.0031900405883789062
cirq_qft,7,0.003173351287841797
cirq_qft,7,0.003187417984008789
cirq_qft,7,0.003191709518432617
cirq_qft,7,0.0031664371490478516
cirq_qft,7,0.003190279006958008
cirq_qft,7,0.003173351287841797
cirq_qft,7,0.003160715103149414
cirq_qft,7,0.003179311752319336
cirq_qft,7,0.003152132034301758
cirq_qft,7,0.0031969547271728516
cirq_qft,7,0.0031859874725341797
cirq_qft,7,0.0031855106353759766
cirq_qft,7,0.0031938552856445312
cirq_qft,7,0.003169536590576172
cirq_qft,7,0.0031774044036865234
cirq_qft,7,0.00318145751953125
cirq_qft,7,0.003195524215698242
cirq_qft,7,0.003162860870361328
cirq_qft,7,0.003178119659423828
cirq_qft,7,0.0031752586364746094
cirq_qft,7,0.0031740665435791016
cirq_qft,7,0.003184795379638672
cirq_qft,7,0.0031516551971435547
cirq_qft,7,0.003175020217895508
cirq_qft,7,0.003190279006958008
cirq_qft,7,0.003167867660522461
cirq_qft,7,0.0031731128692626953
cirq_qft,7,0.0031714439392089844
cirq_qft,7,0.0031905174255371094
cirq_qft,7,0.0031778812408447266
cirq_qft,7,0.003186464309692383
cirq_qft,7,0.003190755844116211
cirq_qft,7,0.003182649612426758
cirq_qft,7,0.0031845569610595703
cirq_qft,7,0.0031838417053222656
cirq_qft,7,0.003199338912963867
cirq_qft,7,0.003161907196044922
cirq_qft,7,0.0031745433807373047
cirq_qft,7,0.0031783580780029297
cirq_qft,7,0.0031669139862060547
cirq_qft,7,0.003169536590576172
cirq_qft,7,0.0031652450561523438
cirq_qft,7,0.0032358169555664062
cirq_qft,7,0.003172159194946289
cirq_qft,7,0.0032083988189697266
cirq_qft,7,0.003173828125
cirq_qft,7,0.003177642822265625
cirq_qft,7,0.003177165985107422
cirq_qft,7,0.003175020217895508
cirq_qft,7,0.003186464309692383
cirq_qft,7,0.0031785964965820312
cirq_qft,7,0.003202199935913086
cirq_qft,7,0.0031862258911132812
cirq_qft,7,0.003159761428833008
cirq_qft,7,0.0031697750091552734
cirq_qft,7,0.0031609535217285156
cirq_qft,7,0.003186464309692383
cirq_qft,7,0.0031859874725341797
cirq_qft,8,0.004019498825073242
cirq_qft,8,0.003993988037109375
cirq_qft,8,0.003891468048095703
cirq_qft,8,0.0038759708404541016
cirq_qft,8,0.0038750171661376953
cirq_qft,8,0.0038611888885498047
cirq_qft,8,0.0038878917694091797
cirq_qft,8,0.003877878189086914
cirq_qft,8,0.004019021987915039
cirq_qft,8,0.003863811492919922
cirq_qft,8,0.0038487911224365234
cirq_qft,8,0.0038652420043945312
cirq_qft,8,0.003869771957397461
cirq_qft,8,0.0038607120513916016
cirq_qft,8,0.003969669342041016
cirq_qft,8,0.0038797855377197266
cirq_qft,8,0.003957033157348633
cirq_qft,8,0.0038747787475585938
cirq_qft,8,0.003958940505981445
cirq_qft,8,0.003848552703857422
cirq_qft,8,0.0038661956787109375
cirq_qft,8,0.0038771629333496094
cirq_qft,8,0.003954172134399414
cirq_qft,8,0.0038788318634033203
cirq_qft,8,0.003884553909301758
cirq_qft,8,0.003888845443725586
cirq_qft,8,0.004057168960571289
cirq_qft,8,0.0038840770721435547
cirq_qft,8,0.003983020782470703
cirq_qft,8,0.0038716793060302734
cirq_qft,8,0.0038688182830810547
cirq_qft,8,0.003954172134399414
cirq_qft,8,0.003958702087402344
cirq_qft,8,0.0038602352142333984
cirq_qft,8,0.003996849060058594
cirq_qft,8,0.0038671493530273438
cirq_qft,8,0.003993511199951172
cirq_qft,8,0.0038759708404541016
cirq_qft,8,0.003991842269897461
cirq_qft,8,0.0038595199584960938
cirq_qft,8,0.003989696502685547
cirq_qft,8,0.003870725631713867
cirq_qft,8,0.0038652420043945312
cirq_qft,8,0.0038967132568359375
cirq_qft,8,0.0038785934448242188
cirq_qft,8,0.0038726329803466797
cirq_qft,8,0.004037141799926758
cirq_qft,8,0.003817319869995117
cirq_qft,8,0.0039637088775634766
cirq_qft,8,0.003873586654663086
cirq_qft,8,0.003853321075439453
cirq_qft,8,0.003879547119140625
cirq_qft,8,0.003961801528930664
cirq_qft,8,0.0038881301879882812
cirq_qft,8,0.0038619041442871094
cirq_qft,8,0.0038726329803466797
cirq_qft,8,0.0040514469146728516
cirq_qft,8,0.0038328170776367188
cirq_qft,8,0.003882884979248047
cirq_qft,8,0.003880739212036133
cirq_qft,8,0.003840923309326172
cirq_qft,8,0.0038557052612304688
cirq_qft,8,0.004060983657836914
cirq_qft,8,0.0038509368896484375
cirq_qft,8,0.003823995590209961
cirq_qft,8,0.0039038658142089844
cirq_qft,8,0.0038497447967529297
cirq_qft,8,0.003858804702758789
cirq_qft,8,0.0038712024688720703
cirq_qft,8,0.003846406936645508
cirq_qft,8,0.003929853439331055
cirq_qft,8,0.003810882568359375
cirq_qft,8,0.0038497447967529297
cirq_qft,8,0.0038411617279052734
cirq_qft,8,0.0038924217224121094
cirq_qft,8,0.0038771629333496094
cirq_qft,8,0.004010915756225586
cirq_qft,8,0.0038607120513916016
cirq_qft,8,0.003978252410888672
cirq_qft,8,0.0038499832153320312
cirq_qft,8,0.003977060317993164
cirq_qft,8,0.0038633346557617188
cirq_qft,8,0.004119157791137695
cirq_qft,8,0.0038118362426757812
cirq_qft,8,0.0038595199584960938
cirq_qft,8,0.0038404464721679688
cirq_qft,8,0.003856182098388672
cirq_qft,8,0.003865957260131836
cirq_qft,8,0.003960609436035156
cirq_qft,8,0.0038902759552001953
cirq_qft,8,0.0038743019104003906
cirq_qft,8,0.0038979053497314453
cirq_qft,8,0.00396418571472168
cirq_qft,8,0.0039017200469970703
cirq_qft,8,0.003991365432739258
cirq_qft,8,0.0038704872131347656
cirq_qft,8,0.0038633346557617188
cirq_qft,8,0.0038797855377197266
cirq_qft,8,0.003841400146484375
cirq_qft,8,0.0038404464721679688
cirq_qft,9,0.005052089691162109
cirq_qft,9,0.004876852035522461
cirq_qft,9,0.0048923492431640625
cirq_qft,9,0.004866838455200195
cirq_qft,9,0.004884243011474609
cirq_qft,9,0.004911661148071289
cirq_qft,9,0.004767894744873047
cirq_qft,9,0.004929065704345703
cirq_qft,9,0.0047762393951416016
cirq_qft,9,0.0048999786376953125
cirq_qft,9,0.004866123199462891
cirq_qft,9,0.0049321651458740234
cirq_qft,9,0.004856586456298828
cirq_qft,9,0.004854679107666016
cirq_qft,9,0.0048732757568359375
cirq_qft,9,0.004885673522949219
cirq_qft,9,0.0048639774322509766
cirq_qft,9,0.004912853240966797
cirq_qft,9,0.004904747009277344
cirq_qft,9,0.0048863887786865234
cirq_qft,9,0.004767417907714844
cirq_qft,9,0.0048635005950927734
cirq_qft,9,0.004868984222412109
cirq_qft,9,0.004879474639892578
cirq_qft,9,0.004708766937255859
cirq_qft,9,0.00489497184753418
cirq_qft,9,0.005013942718505859
cirq_qft,9,0.004852294921875
cirq_qft,9,0.004884243011474609
cirq_qft,9,0.004881143569946289
cirq_qft,9,0.004852294921875
cirq_qft,9,0.0048868656158447266
cirq_qft,9,0.004919528961181641
cirq_qft,9,0.004923820495605469
cirq_qft,9,0.004951953887939453
cirq_qft,9,0.0049228668212890625
cirq_qft,9,0.004856109619140625
cirq_qft,9,0.0048885345458984375
cirq_qft,9,0.004888057708740234
cirq_qft,9,0.004856109619140625
cirq_qft,9,0.004826068878173828
cirq_qft,9,0.004848957061767578
cirq_qft,9,0.0048029422760009766
cirq_qft,9,0.004909992218017578
cirq_qft,9,0.004850625991821289
cirq_qft,9,0.004989147186279297
cirq_qft,9,0.004868030548095703
cirq_qft,9,0.004944562911987305
cirq_qft,9,0.004868268966674805
cirq_qft,9,0.004929542541503906
cirq_qft,9,0.004896640777587891
cirq_qft,9,0.004758119583129883
cirq_qft,9,0.004914283752441406
cirq_qft,9,0.004876375198364258
cirq_qft,9,0.004904031753540039
cirq_qft,9,0.0048410892486572266
cirq_qft,9,0.004825592041015625
cirq_qft,9,0.004744291305541992
cirq_qft,9,0.004903554916381836
cirq_qft,9,0.0048847198486328125
cirq_qft,9,0.004792928695678711
cirq_qft,9,0.004982948303222656
cirq_qft,9,0.004877805709838867
cirq_qft,9,0.004870176315307617
cirq_qft,9,0.004880189895629883
cirq_qft,9,0.004915952682495117
cirq_qft,9,0.004886150360107422
cirq_qft,9,0.0048749446868896484
cirq_qft,9,0.0049207210540771484
cirq_qft,9,0.0048065185546875
cirq_qft,9,0.004853010177612305
cirq_qft,9,0.004884004592895508
cirq_qft,9,0.0049283504486083984
cirq_qft,9,0.004876613616943359
cirq_qft,9,0.004893779754638672
cirq_qft,9,0.004735231399536133
cirq_qft,9,0.004976987838745117
cirq_qft,9,0.004889249801635742
cirq_qft,9,0.0049779415130615234
cirq_qft,9,0.004874229431152344
cirq_qft,9,0.004970550537109375
cirq_qft,9,0.004929065704345703
cirq_qft,9,0.004904031753540039
cirq_qft,9,0.004931926727294922
cirq_qft,9,0.004913806915283203
cirq_qft,9,0.004891157150268555
cirq_qft,9,0.0048863887786865234
cirq_qft,9,0.004876136779785156
cirq_qft,9,0.004853010177612305
cirq_qft,9,0.004889011383056641
cirq_qft,9,0.0048770904541015625
cirq_qft,9,0.00485992431640625
cirq_qft,9,0.004846334457397461
cirq_qft,9,0.005004167556762695
cirq_qft,9,0.0048828125
cirq_qft,9,0.0048825740814208984
cirq_qft,9,0.004895210266113281
cirq_qft,9,0.004868745803833008
cirq_qft,9,0.004885196685791016
cirq_qft,9,0.004885435104370117
cirq_qft,10,0.005955696105957031
cirq_qft,10,0.005859375
cirq_qft,10,0.005859851837158203
cirq_qft,10,0.005847930908203125
cirq_qft,10,0.0058209896087646484
cirq_qft,10,0.005818605422973633
cirq_qft,10,0.005844831466674805
cirq_qft,10,0.0058383941650390625
cirq_qft,10,0.005849599838256836
cirq_qft,10,0.005841493606567383
cirq_qft,10,0.00583958625793457
cirq_qft,10,0.0058858394622802734
cirq_qft,10,0.005890607833862305
cirq_qft,10,0.005872249603271484
cirq_qft,10,0.005872011184692383
cirq_qft,10,0.005873203277587891
cirq_qft,10,0.0059125423431396484
cirq_qft,10,0.005904436111450195
cirq_qft,10,0.005899190902709961
cirq_qft,10,0.005964517593383789
cirq_qft,10,0.005881309509277344
cirq_qft,10,0.005908012390136719
cirq_qft,10,0.0059375762939453125
cirq_qft,10,0.005934715270996094
cirq_qft,10,0.005924224853515625
cirq_qft,10,0.0058667659759521484
cirq_qft,10,0.005873918533325195
cirq_qft,10,0.005873203277587891
cirq_qft,10,0.00584721565246582
cirq_qft,10,0.0058498382568359375
cirq_qft,10,0.0059010982513427734
cirq_qft,10,0.005888938903808594
cirq_qft,10,0.005869150161743164
cirq_qft,10,0.005837202072143555
cirq_qft,10,0.00584864616394043
cirq_qft,10,0.005877256393432617
cirq_qft,10,0.005902528762817383
cirq_qft,10,0.005903482437133789
cirq_qft,10,0.005943775177001953
cirq_qft,10,0.0058515071868896484
cirq_qft,10,0.005857706069946289
cirq_qft,10,0.005854368209838867
cirq_qft,10,0.005861759185791016
cirq_qft,10,0.005852699279785156
cirq_qft,10,0.005814075469970703
cirq_qft,10,0.005873918533325195
cirq_qft,10,0.005864858627319336
cirq_qft,10,0.005856990814208984
cirq_qft,10,0.005826711654663086
cirq_qft,10,0.005957365036010742
cirq_qft,10,0.0060040950775146484
cirq_qft,10,0.006038188934326172
cirq_qft,10,0.006012678146362305
cirq_qft,10,0.0059413909912109375
cirq_qft,10,0.0059261322021484375
cirq_qft,10,0.005965471267700195
cirq_qft,10,0.005951642990112305
cirq_qft,10,0.006006002426147461
cirq_qft,10,0.0059413909912109375
cirq_qft,10,0.0059473514556884766
cirq_qft,10,0.00593113899230957
cirq_qft,10,0.005953550338745117
cirq_qft,10,0.005952596664428711
cirq_qft,10,0.00591588020324707
cirq_qft,10,0.005918741226196289
cirq_qft,10,0.005948066711425781
cirq_qft,10,0.005963563919067383
cirq_qft,10,0.005946159362792969
cirq_qft,10,0.005925655364990234
cirq_qft,10,0.005892276763916016
cirq_qft,10,0.005892753601074219
cirq_qft,10,0.00589442253112793
cirq_qft,10,0.005869626998901367
cirq_qft,10,0.005880117416381836
cirq_qft,10,0.005900144577026367
cirq_qft,10,0.005869626998901367
cirq_qft,10,0.005922555923461914
cirq_qft,10,0.005856990814208984
cirq_qft,10,0.005849599838256836
cirq_qft,10,0.005853414535522461
cirq_qft,10,0.0058782100677490234
cirq_qft,10,0.005918979644775391
cirq_qft,10,0.005869626998901367
cirq_qft,10,0.0058515071868896484
cirq_qft,10,0.005872964859008789
cirq_qft,10,0.005859375
cirq_qft,10,0.005885124206542969
cirq_qft,10,0.00584864616394043
cirq_qft,10,0.005867958068847656
cirq_qft,10,0.005861043930053711
cirq_qft,10,0.0058746337890625
cirq_qft,10,0.005858421325683594
cirq_qft,10,0.005829334259033203
cirq_qft,10,0.0058515071868896484
cirq_qft,10,0.005904197692871094
cirq_qft,10,0.006010770797729492
cirq_qft,10,0.005890607833862305
cirq_qft,10,0.0058746337890625
cirq_qft,10,0.005875349044799805
cirq_qft,10,0.005912065505981445
cirq_qft,11,0.007075309753417969
cirq_qft,11,0.006984233856201172
cirq_qft,11,0.0069866180419921875
cirq_qft,11,0.006979465484619141
cirq_qft,11,0.0070307254791259766
cirq_qft,11,0.006988525390625
cirq_qft,11,0.0070018768310546875
cirq_qft,11,0.0071070194244384766
cirq_qft,11,0.0070073604583740234
cirq_qft,11,0.006981611251831055
cirq_qft,11,0.0070035457611083984
cirq_qft,11,0.007035493850708008
cirq_qft,11,0.007055997848510742
cirq_qft,11,0.007076263427734375
cirq_qft,11,0.0070760250091552734
cirq_qft,11,0.007052421569824219
cirq_qft,11,0.007071018218994141
cirq_qft,11,0.007043123245239258
cirq_qft,11,0.007062673568725586
cirq_qft,11,0.007032632827758789
cirq_qft,11,0.007057666778564453
cirq_qft,11,0.007008552551269531
cirq_qft,11,0.006993532180786133
cirq_qft,11,0.007042884826660156
cirq_qft,11,0.007033586502075195
cirq_qft,11,0.007028341293334961
cirq_qft,11,0.007039070129394531
cirq_qft,11,0.007040500640869141
cirq_qft,11,0.007024049758911133
cirq_qft,11,0.0070476531982421875
cirq_qft,11,0.006972312927246094
cirq_qft,11,0.0069963932037353516
cirq_qft,11,0.007021427154541016
cirq_qft,11,0.007032632827758789
cirq_qft,11,0.0070209503173828125
cirq_qft,11,0.007027149200439453
cirq_qft,11,0.00700068473815918
cirq_qft,11,0.0069577693939208984
cirq_qft,11,0.007069110870361328
cirq_qft,11,0.007048368453979492
cirq_qft,11,0.007093667984008789
cirq_qft,11,0.007039785385131836
cirq_qft,11,0.007035732269287109
cirq_qft,11,0.0070111751556396484
cirq_qft,11,0.00703740119934082
cirq_qft,11,0.007040739059448242
cirq_qft,11,0.007010698318481445
cirq_qft,11,0.007018327713012695
cirq_qft,11,0.006960868835449219
cirq_qft,11,0.007003068923950195
cirq_qft,11,0.006972551345825195
cirq_qft,11,0.00706791877746582
cirq_qft,11,0.006993532180786133
cirq_qft,11,0.006986141204833984
cirq_qft,11,0.0070040225982666016
cirq_qft,11,0.007037639617919922
cirq_qft,11,0.006994485855102539
cirq_qft,11,0.007048606872558594
cirq_qft,11,0.007061481475830078
cirq_qft,11,0.007033824920654297
cirq_qft,11,0.007049083709716797
cirq_qft,11,0.007020235061645508
cirq_qft,11,0.007111549377441406
cirq_qft,11,0.00703120231628418
cirq_qft,11,0.006989002227783203
cirq_qft,11,0.0070497989654541016
cirq_qft,11,0.006997346878051758
cirq_qft,11,0.0069599151611328125
cirq_qft,11,0.006965160369873047
cirq_qft,11,0.006940126419067383
cirq_qft,11,0.006937265396118164
cirq_qft,11,0.006968259811401367
cirq_qft,11,0.006979227066040039
cirq_qft,11,0.0070497989654541016
cirq_qft,11,0.006995439529418945
cirq_qft,11,0.0069789886474609375
cirq_qft,11,0.006987810134887695
cirq_qft,11,0.0069942474365234375
cirq_qft,11,0.007004737854003906
cirq_qft,11,0.006988048553466797
cirq_qft,11,0.007007598876953125
cirq_qft,11,0.00699305534362793
cirq_qft,11,0.007014274597167969
cirq_qft,11,0.007038593292236328
cirq_qft,11,0.007127523422241211
cirq_qft,11,0.00700068473815918
cirq_qft,11,0.0069844722747802734
cirq_qft,11,0.0070095062255859375
cirq_qft,11,0.006994009017944336
cirq_qft,11,0.006969928741455078
cirq_qft,11,0.006990671157836914
cirq_qft,11,0.00697636604309082
cirq_qft,11,0.00699305534362793
cirq_qft,11,0.006949186325073242
cirq_qft,11,0.006928920745849609
cirq_qft,11,0.00703883171081543
cirq_qft,11,0.006977081298828125
cirq_qft,11,0.00695347785949707
cirq_qft,11,0.006956815719604492
cirq_qft,11,0.006982326507568359
cirq_qft,12,0.008449554443359375
cirq_qft,12,0.008329391479492188
cirq_qft,12,0.008322715759277344
cirq_qft,12,0.008440256118774414
cirq_qft,12,0.00829458236694336
cirq_qft,12,0.008295774459838867
cirq_qft,12,0.00835728645324707
cirq_qft,12,0.008315563201904297
cirq_qft,12,0.008321523666381836
cirq_qft,12,0.008407354354858398
cirq_qft,12,0.008285999298095703
cirq_qft,12,0.008332014083862305
cirq_qft,12,0.008382320404052734
cirq_qft,12,0.008296012878417969
cirq_qft,12,0.008363008499145508
cirq_qft,12,0.008480548858642578
cirq_qft,12,0.008391380310058594
cirq_qft,12,0.008445978164672852
cirq_qft,12,0.008487701416015625
cirq_qft,12,0.008418560028076172
cirq_qft,12,0.008346319198608398
cirq_qft,12,0.008423089981079102
cirq_qft,12,0.008339405059814453
cirq_qft,12,0.008316755294799805
cirq_qft,12,0.008365631103515625
cirq_qft,12,0.008307933807373047
cirq_qft,12,0.008284330368041992
cirq_qft,12,0.008372783660888672
cirq_qft,12,0.008391857147216797
cirq_qft,12,0.008313894271850586
cirq_qft,12,0.008423328399658203
cirq_qft,12,0.008338212966918945
cirq_qft,12,0.0083770751953125
cirq_qft,12,0.008483171463012695
cirq_qft,12,0.008397340774536133
cirq_qft,12,0.008361101150512695
cirq_qft,12,0.008408784866333008
cirq_qft,12,0.00834798812866211
cirq_qft,12,0.008423566818237305
cirq_qft,12,0.008466720581054688
cirq_qft,12,0.00839090347290039
cirq_qft,12,0.008394241333007812
cirq_qft,12,0.008434295654296875
cirq_qft,12,0.00836491584777832
cirq_qft,12,0.008371114730834961
cirq_qft,12,0.008468866348266602
cirq_qft,12,0.008388519287109375
cirq_qft,12,0.008435487747192383
cirq_qft,12,0.012081384658813477
cirq_qft,12,0.008413076400756836
cirq_qft,12,0.008350610733032227
cirq_qft,12,0.008424043655395508
cirq_qft,12,0.008444070816040039
cirq_qft,12,0.008370637893676758
cirq_qft,12,0.008361577987670898
cirq_qft,12,0.008391380310058594
cirq_qft,12,0.008469581604003906
cirq_qft,12,0.008435249328613281
cirq_qft,12,0.008375883102416992
cirq_qft,12,0.008409976959228516
cirq_qft,12,0.008498907089233398
cirq_qft,12,0.008388042449951172
cirq_qft,12,0.008358478546142578
cirq_qft,12,0.008359909057617188
cirq_qft,12,0.00850224494934082
cirq_qft,12,0.008332014083862305
cirq_qft,12,0.00832056999206543
cirq_qft,12,0.008329153060913086
cirq_qft,12,0.00838327407836914
cirq_qft,12,0.008442163467407227
cirq_qft,12,0.008361577987670898
cirq_qft,12,0.008376598358154297
cirq_qft,12,0.008453607559204102
cirq_qft,12,0.008339405059814453
cirq_qft,12,0.008341073989868164
cirq_qft,12,0.008372783660888672
cirq_qft,12,0.008458852767944336
cirq_qft,12,0.008364200592041016
cirq_qft,12,0.008345365524291992
cirq_qft,12,0.008399248123168945
cirq_qft,12,0.008514642715454102
cirq_qft,12,0.008422374725341797
cirq_qft,12,0.00839090347290039
cirq_qft,12,0.008329629898071289
cirq_qft,12,0.00837850570678711
cirq_qft,12,0.008301496505737305
cirq_qft,12,0.008306264877319336
cirq_qft,12,0.008357763290405273
cirq_qft,12,0.008444547653198242
cirq_qft,12,0.008358001708984375
cirq_qft,12,0.008389711380004883
cirq_qft,12,0.008345603942871094
cirq_qft,12,0.008417129516601562
cirq_qft,12,0.008337736129760742
cirq_qft,12,0.008374214172363281
cirq_qft,12,0.008409738540649414
cirq_qft,12,0.008424520492553711
cirq_qft,12,0.008339405059814453
cirq_qft,12,0.008324384689331055
cirq_qft,12,0.008359193801879883
cirq_qft,13,0.010309457778930664
cirq_qft,13,0.010208845138549805
cirq_qft,13,0.010137081146240234
cirq_qft,13,0.010115623474121094
cirq_qft,13,0.010105609893798828
cirq_qft,13,0.01009058952331543
cirq_qft,13,0.01013040542602539
cirq_qft,13,0.010195016860961914
cirq_qft,13,0.01009511947631836
cirq_qft,13,0.010112285614013672
cirq_qft,13,0.01014566421508789
cirq_qft,13,0.010101079940795898
cirq_qft,13,0.01011514663696289
cirq_qft,13,0.010115385055541992
cirq_qft,13,0.010155916213989258
cirq_qft,13,0.010048866271972656
cirq_qft,13,0.010022640228271484
cirq_qft,13,0.01004648208618164
cirq_qft,13,0.010109901428222656
cirq_qft,13,0.010087728500366211
cirq_qft,13,0.010097265243530273
cirq_qft,13,0.010081052780151367
cirq_qft,13,0.01006007194519043
cirq_qft,13,0.010056257247924805
cirq_qft,13,0.010053634643554688
cirq_qft,13,0.010028600692749023
cirq_qft,13,0.010143041610717773
cirq_qft,13,0.010290145874023438
cirq_qft,13,0.010244607925415039
cirq_qft,13,0.010192394256591797
cirq_qft,13,0.01021718978881836
cirq_qft,13,0.010234594345092773
cirq_qft,13,0.01030588150024414
cirq_qft,13,0.01021885871887207
cirq_qft,13,0.010215520858764648
cirq_qft,13,0.010280370712280273
cirq_qft,13,0.010240554809570312
cirq_qft,13,0.010175704956054688
cirq_qft,13,0.010206937789916992
cirq_qft,13,0.010228872299194336
cirq_qft,13,0.010175943374633789
cirq_qft,13,0.010239839553833008
cirq_qft,13,0.010253667831420898
cirq_qft,13,0.010227203369140625
cirq_qft,13,0.010223865509033203
cirq_qft,13,0.01023101806640625
cirq_qft,13,0.010198593139648438
cirq_qft,13,0.010165691375732422
cirq_qft,13,0.010156393051147461
cirq_qft,13,0.010174751281738281
cirq_qft,13,0.010195732116699219
cirq_qft,13,0.010187149047851562
cirq_qft,13,0.010179758071899414
cirq_qft,13,0.010124683380126953
cirq_qft,13,0.01016378402709961
cirq_qft,13,0.010129690170288086
cirq_qft,13,0.010174274444580078
cirq_qft,13,0.010151386260986328
cirq_qft,13,0.010142326354980469
cirq_qft,13,0.010155677795410156
cirq_qft,13,0.010168075561523438
cirq_qft,13,0.010106563568115234
cirq_qft,13,0.010228395462036133
cirq_qft,13,0.010116100311279297
cirq_qft,13,0.010116100311279297
cirq_qft,13,0.010106801986694336
cirq_qft,13,0.010080575942993164
cirq_qft,13,0.010081768035888672
cirq_qft,13,0.01010894775390625
cirq_qft,13,0.010144472122192383
cirq_qft,13,0.010170698165893555
cirq_qft,13,0.010099649429321289
cirq_qft,13,0.010113000869750977
cirq_qft,13,0.010123729705810547
cirq_qft,13,0.010133028030395508
cirq_qft,13,0.010129213333129883
cirq_qft,13,0.010136842727661133
cirq_qft,13,0.010141134262084961
cirq_qft,13,0.010204792022705078
cirq_qft,13,0.010082006454467773
cirq_qft,13,0.010108470916748047
cirq_qft,13,0.010094404220581055
cirq_qft,13,0.010083675384521484
cirq_qft,13,0.010066032409667969
cirq_qft,13,0.010120630264282227
cirq_qft,13,0.010061502456665039
cirq_qft,13,0.010083436965942383
cirq_qft,13,0.010057687759399414
cirq_qft,13,0.010094404220581055
cirq_qft,13,0.01005697250366211
cirq_qft,13,0.010055303573608398
cirq_qft,13,0.01012873649597168
cirq_qft,13,0.010081052780151367
cirq_qft,13,0.010051727294921875
cirq_qft,13,0.010120868682861328
cirq_qft,13,0.010039806365966797
cirq_qft,13,0.010122299194335938
cirq_qft,13,0.010116100311279297
cirq_qft,13,0.01017618179321289
cirq_qft,13,0.010170459747314453
cirq_qft,14,0.012917518615722656
cirq_qft,14,0.012733697891235352
cirq_qft,14,0.01270294189453125
cirq_qft,14,0.012674093246459961
cirq_qft,14,0.012770652770996094
cirq_qft,14,0.012777566909790039
cirq_qft,14,0.012805461883544922
cirq_qft,14,0.012837409973144531
cirq_qft,14,0.01291966438293457
cirq_qft,14,0.012840509414672852
cirq_qft,14,0.012807846069335938
cirq_qft,14,0.012751340866088867
cirq_qft,14,0.012807369232177734
cirq_qft,14,0.012775421142578125
cirq_qft,14,0.012721776962280273
cirq_qft,14,0.012742757797241211
cirq_qft,14,0.012763738632202148
cirq_qft,14,0.012794017791748047
cirq_qft,14,0.012778282165527344
cirq_qft,14,0.012748241424560547
cirq_qft,14,0.012708425521850586
cirq_qft,14,0.012688398361206055
cirq_qft,14,0.012670755386352539
cirq_qft,14,0.012706756591796875
cirq_qft,14,0.012690067291259766
cirq_qft,14,0.012643814086914062
cirq_qft,14,0.012660026550292969
cirq_qft,14,0.012654304504394531
cirq_qft,14,0.012717723846435547
cirq_qft,14,0.012720823287963867
cirq_qft,14,0.012718439102172852
cirq_qft,14,0.012746334075927734
cirq_qft,14,0.01270604133605957
cirq_qft,14,0.012699127197265625
cirq_qft,14,0.01269674301147461
cirq_qft,14,0.012706518173217773
cirq_qft,14,0.012834548950195312
cirq_qft,14,0.012822628021240234
cirq_qft,14,0.012761831283569336
cirq_qft,14,0.012763261795043945
cirq_qft,14,0.012764453887939453
cirq_qft,14,0.01266026496887207
cirq_qft,14,0.012678384780883789
cirq_qft,14,0.012720823287963867
cirq_qft,14,0.012682199478149414
cirq_qft,14,0.012644052505493164
cirq_qft,14,0.01264333724975586
cirq_qft,14,0.012690067291259766
cirq_qft,14,0.012678861618041992
cirq_qft,14,0.012674331665039062
cirq_qft,14,0.012700557708740234
cirq_qft,14,0.012701034545898438
cirq_qft,14,0.012762784957885742
cirq_qft,14,0.012792110443115234
cirq_qft,14,0.012751102447509766
cirq_qft,14,0.01274251937866211
cirq_qft,14,0.012763738632202148
cirq_qft,14,0.012693405151367188
cirq_qft,14,0.012729883193969727
cirq_qft,14,0.012792587280273438
cirq_qft,14,0.012754440307617188
cirq_qft,14,0.012707710266113281
cirq_qft,14,0.012674570083618164
cirq_qft,14,0.01268911361694336
cirq_qft,14,0.01267099380493164
cirq_qft,14,0.012665271759033203
cirq_qft,14,0.012670755386352539
cirq_qft,14,0.012644529342651367
cirq_qft,14,0.012639999389648438
cirq_qft,14,0.012625455856323242
cirq_qft,14,0.012643814086914062
cirq_qft,14,0.01265406608581543
cirq_qft,14,0.012655258178710938
cirq_qft,14,0.012621402740478516
cirq_qft,14,0.012577295303344727
cirq_qft,14,0.012660980224609375
cirq_qft,14,0.01269674301147461
cirq_qft,14,0.012622833251953125
cirq_qft,14,0.01263117790222168
cirq_qft,14,0.012656211853027344
cirq_qft,14,0.012748003005981445
cirq_qft,14,0.012742757797241211
cirq_qft,14,0.01275181770324707
cirq_qft,14,0.012706279754638672
cirq_qft,14,0.012670516967773438
cirq_qft,14,0.012685537338256836
cirq_qft,14,0.01268315315246582
cirq_qft,14,0.012691974639892578
cirq_qft,14,0.012712240219116211
cirq_qft,14,0.012721538543701172
cirq_qft,14,0.012714624404907227
cirq_qft,14,0.012741804122924805
cirq_qft,14,0.012778043746948242
cirq_qft,14,0.012806892395019531
cirq_qft,14,0.012796878814697266
cirq_qft,14,0.01279449462890625
cirq_qft,14,0.012769699096679688
cirq_qft,14,0.012757301330566406
cirq_qft,14,0.01272892951965332
cirq_qft,14,0.012758970260620117
cirq_qft,15,0.017428874969482422
cirq_qft,15,0.017192363739013672
cirq_qft,15,0.01717662811279297
cirq_qft,15,0.01714491844177246
cirq_qft,15,0.017112255096435547
cirq_qft,15,0.01711559295654297
cirq_qft,15,0.017035484313964844
cirq_qft,15,0.01718282699584961
cirq_qft,15,0.017139673233032227
cirq_qft,15,0.017105817794799805
cirq_qft,15,0.01712799072265625
cirq_qft,15,0.017147302627563477
cirq_qft,15,0.0171201229095459
cirq_qft,15,0.017015933990478516
cirq_qft,15,0.0170290470123291
cirq_qft,15,0.016991853713989258
cirq_qft,15,0.017084121704101562
cirq_qft,15,0.017028331756591797
cirq_qft,15,0.017021894454956055
cirq_qft,15,0.017047643661499023
cirq_qft,15,0.017055511474609375
cirq_qft,15,0.01704549789428711
cirq_qft,15,0.017072200775146484
cirq_qft,15,0.01703500747680664
cirq_qft,15,0.017026901245117188
cirq_qft,15,0.01703786849975586
cirq_qft,15,0.017093658447265625
cirq_qft,15,0.017102718353271484
cirq_qft,15,0.017198801040649414
cirq_qft,15,0.017162084579467773
cirq_qft,15,0.01720452308654785
cirq_qft,15,0.017179250717163086
cirq_qft,15,0.017153024673461914
cirq_qft,15,0.017163753509521484
cirq_qft,15,0.01715254783630371
cirq_qft,15,0.01710224151611328
cirq_qft,15,0.017052650451660156
cirq_qft,15,0.01703786849975586
cirq_qft,15,0.017096996307373047
cirq_qft,15,0.0170900821685791
cirq_qft,15,0.01704239845275879
cirq_qft,15,0.017008304595947266
cirq_qft,15,0.01706671714782715
cirq_qft,15,0.017049312591552734
cirq_qft,15,0.017071008682250977
cirq_qft,15,0.0170595645904541
cirq_qft,15,0.017069578170776367
cirq_qft,15,0.01705026626586914
cirq_qft,15,0.017090320587158203
cirq_qft,15,0.017086029052734375
cirq_qft,15,0.01711559295654297
cirq_qft,15,0.01719522476196289
cirq_qft,15,0.0172274112701416
cirq_qft,15,0.017180681228637695
cirq_qft,15,0.017107009887695312
cirq_qft,15,0.017100811004638672
cirq_qft,15,0.0170900821685791
cirq_qft,15,0.01701951026916504
cirq_qft,15,0.01699972152709961
cirq_qft,15,0.017011165618896484
cirq_qft,15,0.017264842987060547
cirq_qft,15,0.017090320587158203
cirq_qft,15,0.0173037052154541
cirq_qft,15,0.017137765884399414
cirq_qft,15,0.017150402069091797
cirq_qft,15,0.017082691192626953
cirq_qft,15,0.01706242561340332
cirq_qft,15,0.016973495483398438
cirq_qft,15,0.017030954360961914
cirq_qft,15,0.01705002784729004
cirq_qft,15,0.017015457153320312
cirq_qft,15,0.017065763473510742
cirq_qft,15,0.01707744598388672
cirq_qft,15,0.017155885696411133
cirq_qft,15,0.01712822914123535
cirq_qft,15,0.017065048217773438
cirq_qft,15,0.01705646514892578
cirq_qft,15,0.0169827938079834
cirq_qft,15,0.017071247100830078
cirq_qft,15,0.017104387283325195
cirq_qft,15,0.017085790634155273
cirq_qft,15,0.0170290470123291
cirq_qft,15,0.017063617706298828
cirq_qft,15,0.017067432403564453
cirq_qft,15,0.0170285701751709
cirq_qft,15,0.017056941986083984
cirq_qft,15,0.017066240310668945
cirq_qft,15,0.017101049423217773
cirq_qft,15,0.01703953742980957
cirq_qft,15,0.017043590545654297
cirq_qft,15,0.01703667640686035
cirq_qft,15,0.017040491104125977
cirq_qft,15,0.017055034637451172
cirq_qft,15,0.017047405242919922
cirq_qft,15,0.017080068588256836
cirq_qft,15,0.017209768295288086
cirq_qft,15,0.01702594757080078
cirq_qft,15,0.017041444778442383
cirq_qft,15,0.017037391662597656
cirq_qft,15,0.017049074172973633
cirq_qft,16,0.025905847549438477
cirq_qft,16,0.025537490844726562
cirq_qft,16,0.025455951690673828
cirq_qft,16,0.025528907775878906
cirq_qft,16,0.025612592697143555
cirq_qft,16,0.02555251121520996
cirq_qft,16,0.02544379234313965
cirq_qft,16,0.025446653366088867
cirq_qft,16,0.025509119033813477
cirq_qft,16,0.025473594665527344
cirq_qft,16,0.025461912155151367
cirq_qft,16,0.025484800338745117
cirq_qft,16,0.025472402572631836
cirq_qft,16,0.025504350662231445
cirq_qft,16,0.025495290756225586
cirq_qft,16,0.025441408157348633
cirq_qft,16,0.025449275970458984
cirq_qft,16,0.02536606788635254
cirq_qft,16,0.025525569915771484
cirq_qft,16,0.02543020248413086
cirq_qft,16,0.025578022003173828
cirq_qft,16,0.025454044342041016
cirq_qft,16,0.025368690490722656
cirq_qft,16,0.02535414695739746
cirq_qft,16,0.025460481643676758
cirq_qft,16,0.025516748428344727
cirq_qft,16,0.025467872619628906
cirq_qft,16,0.025425434112548828
cirq_qft,16,0.025539636611938477
cirq_qft,16,0.025540828704833984
cirq_qft,16,0.025861501693725586
cirq_qft,16,0.02555108070373535
cirq_qft,16,0.025582075119018555
cirq_qft,16,0.025521278381347656
cirq_qft,16,0.02549123764038086
cirq_qft,16,0.0254669189453125
cirq_qft,16,0.025490522384643555
cirq_qft,16,0.02548527717590332
cirq_qft,16,0.025427818298339844
cirq_qft,16,0.025484085083007812
cirq_qft,16,0.025499343872070312
cirq_qft,16,0.025417089462280273
cirq_qft,16,0.025465965270996094
cirq_qft,16,0.025456905364990234
cirq_qft,16,0.02547764778137207
cirq_qft,16,0.025501489639282227
cirq_qft,16,0.025371789932250977
cirq_qft,16,0.02530527114868164
cirq_qft,16,0.025391578674316406
cirq_qft,16,0.025513887405395508
cirq_qft,16,0.02541518211364746
cirq_qft,16,0.02542901039123535
cirq_qft,16,0.02548694610595703
cirq_qft,16,0.025439739227294922
cirq_qft,16,0.025344371795654297
cirq_qft,16,0.025388479232788086
cirq_qft,16,0.0255279541015625
cirq_qft,16,0.02552938461303711
cirq_qft,16,0.02551102638244629
cirq_qft,16,0.025524616241455078
cirq_qft,16,0.02550363540649414
cirq_qft,16,0.025526046752929688
cirq_qft,16,0.02539515495300293
cirq_qft,16,0.025450706481933594
cirq_qft,16,0.025446653366088867
cirq_qft,16,0.025477170944213867
cirq_qft,16,0.0254364013671875
cirq_qft,16,0.02541351318359375
cirq_qft,16,0.025420665740966797
cirq_qft,16,0.02541661262512207
cirq_qft,16,0.025516748428344727
cirq_qft,16,0.02540445327758789
cirq_qft,16,0.02552008628845215
cirq_qft,16,0.025424480438232422
cirq_qft,16,0.025399446487426758
cirq_qft,16,0.02538895606994629
cirq_qft,16,0.025373220443725586
cirq_qft,16,0.02536606788635254
cirq_qft,16,0.02543950080871582
cirq_qft,16,0.02541065216064453
cirq_qft,16,0.025640249252319336
cirq_qft,16,0.02543163299560547
cirq_qft,16,0.02540135383605957
cirq_qft,16,0.02538466453552246
cirq_qft,16,0.025405168533325195
cirq_qft,16,0.025405406951904297
cirq_qft,16,0.025485754013061523
cirq_qft,16,0.025477170944213867
cirq_qft,16,0.02557992935180664
cirq_qft,16,0.02565765380859375
cirq_qft,16,0.02563643455505371
cirq_qft,16,0.02551722526550293
cirq_qft,16,0.025446176528930664
cirq_qft,16,0.02551722526550293
cirq_qft,16,0.025470972061157227
cirq_qft,16,0.02544856071472168
cirq_qft,16,0.025298357009887695
cirq_qft,16,0.025322914123535156
cirq_qft,16,0.02537822723388672
cirq_qft,16,0.02533125877380371
cirq_qft,17,0.042401790618896484
cirq_qft,17,0.04228091239929199
cirq_qft,17,0.0426020622253418
cirq_qft,17,0.04231762886047363
cirq_qft,17,0.04244518280029297
cirq_qft,17,0.042527198791503906
cirq_qft,17,0.042585134506225586
cirq_qft,17,0.042609214782714844
cirq_qft,17,0.04223489761352539
cirq_qft,17,0.04240894317626953
cirq_qft,17,0.04263496398925781
cirq_qft,17,0.042661190032958984
cirq_qft,17,0.04266238212585449
cirq_qft,17,0.042694807052612305
cirq_qft,17,0.04252767562866211
cirq_qft,17,0.0427091121673584
cirq_qft,17,0.042592525482177734
cirq_qft,17,0.04251408576965332
cirq_qft,17,0.042562007904052734
cirq_qft,17,0.042519330978393555
cirq_qft,17,0.04263138771057129
cirq_qft,17,0.04265904426574707
cirq_qft,17,0.04273653030395508
cirq_qft,17,0.04266858100891113
cirq_qft,17,0.042719364166259766
cirq_qft,17,0.04235053062438965
cirq_qft,17,0.04273724555969238
cirq_qft,17,0.04266786575317383
cirq_qft,17,0.042812347412109375
cirq_qft,17,0.042615413665771484
cirq_qft,17,0.04263591766357422
cirq_qft,17,0.04316520690917969
cirq_qft,17,0.04290461540222168
cirq_qft,17,0.04275226593017578
cirq_qft,17,0.042337894439697266
cirq_qft,17,0.04238152503967285
cirq_qft,17,0.04254293441772461
cirq_qft,17,0.0426182746887207
cirq_qft,17,0.04255390167236328
cirq_qft,17,0.0423579216003418
cirq_qft,17,0.04260063171386719
cirq_qft,17,0.042548179626464844
cirq_qft,17,0.04270029067993164
cirq_qft,17,0.042627811431884766
cirq_qft,17,0.042740821838378906
cirq_qft,17,0.0424342155456543
cirq_qft,17,0.04258131980895996
cirq_qft,17,0.04266166687011719
cirq_qft,17,0.04279589653015137
cirq_qft,17,0.04243111610412598
cirq_qft,17,0.04252910614013672
cirq_qft,17,0.042572021484375
cirq_qft,17,0.04241156578063965
cirq_qft,17,0.04256606101989746
cirq_qft,17,0.042639970779418945
cirq_qft,17,0.04283738136291504
cirq_qft,17,0.04260849952697754
cirq_qft,17,0.04248785972595215
cirq_qft,17,0.042462825775146484
cirq_qft,17,0.04244208335876465
cirq_qft,17,0.04219770431518555
cirq_qft,17,0.042527198791503906
cirq_qft,17,0.04244232177734375
cirq_qft,17,0.04250288009643555
cirq_qft,17,0.042365312576293945
cirq_qft,17,0.04256296157836914
cirq_qft,17,0.042989253997802734
cirq_qft,17,0.04276251792907715
cirq_qft,17,0.042456865310668945
cirq_qft,17,0.04255175590515137
cirq_qft,17,0.04274320602416992
cirq_qft,17,0.04288768768310547
cirq_qft,17,0.04272913932800293
cirq_qft,17,0.042522430419921875
cirq_qft,17,0.042610883712768555
cirq_qft,17,0.04272150993347168
cirq_qft,17,0.04256725311279297
cirq_qft,17,0.04230809211730957
cirq_qft,17,0.042630910873413086
cirq_qft,17,0.042742252349853516
cirq_qft,17,0.0426328182220459
cirq_qft,17,0.04277205467224121
cirq_qft,17,0.04261970520019531
cirq_qft,17,0.0426633358001709
cirq_qft,17,0.04236149787902832
cirq_qft,17,0.04272961616516113
cirq_qft,17,0.04291200637817383
cirq_qft,17,0.042679786682128906
cirq_qft,17,0.0428769588470459
cirq_qft,17,0.042969703674316406
cirq_qft,17,0.04259657859802246
cirq_qft,17,0.042575836181640625
cirq_qft,17,0.04250669479370117
cirq_qft,17,0.04254341125488281
cirq_qft,17,0.04234576225280762
cirq_qft,17,0.042749643325805664
cirq_qft,17,0.04259133338928223
cirq_qft,17,0.042738914489746094
cirq_qft,17,0.042635440826416016
cirq_qft,17,0.042626380920410156
cirq_qft,18,0.07621216773986816
cirq_qft,18,0.07566452026367188
cirq_qft,18,0.07418060302734375
cirq_qft,18,0.07425236701965332
cirq_qft,18,0.0743412971496582
cirq_qft,18,0.0743257999420166
cirq_qft,18,0.07438778877258301
cirq_qft,18,0.07419323921203613
cirq_qft,18,0.0744638442993164
cirq_qft,18,0.07416534423828125
cirq_qft,18,0.07422804832458496
cirq_qft,18,0.07439231872558594
cirq_qft,18,0.07425165176391602
cirq_qft,18,0.07451415061950684
cirq_qft,18,0.07452082633972168
cirq_qft,18,0.07433199882507324
cirq_qft,18,0.07429361343383789
cirq_qft,18,0.07423853874206543
cirq_qft,18,0.07440543174743652
cirq_qft,18,0.07405900955200195
cirq_qft,18,0.07415294647216797
cirq_qft,18,0.07388448715209961
cirq_qft,18,0.0738980770111084
cirq_qft,18,0.07457518577575684
cirq_qft,18,0.07474565505981445
cirq_qft,18,0.074432373046875
cirq_qft,18,0.0743248462677002
cirq_qft,18,0.07447433471679688
cirq_qft,18,0.07421278953552246
cirq_qft,18,0.07434344291687012
cirq_qft,18,0.07453632354736328
cirq_qft,18,0.07429909706115723
cirq_qft,18,0.07413387298583984
cirq_qft,18,0.07433152198791504
cirq_qft,18,0.0741124153137207
cirq_qft,18,0.07430267333984375
cirq_qft,18,0.0740361213684082
cirq_qft,18,0.07415437698364258
cirq_qft,18,0.07445311546325684
cirq_qft,18,0.07447695732116699
cirq_qft,18,0.07450318336486816
cirq_qft,18,0.07426691055297852
cirq_qft,18,0.07435250282287598
cirq_qft,18,0.0744776725769043
cirq_qft,18,0.07403278350830078
cirq_qft,18,0.07445716857910156
cirq_qft,18,0.0744476318359375
cirq_qft,18,0.07420134544372559
cirq_qft,18,0.07448196411132812
cirq_qft,18,0.07461357116699219
cirq_qft,18,0.07458066940307617
cirq_qft,18,0.07435894012451172
cirq_qft,18,0.07457685470581055
cirq_qft,18,0.07423591613769531
cirq_qft,18,0.07442998886108398
cirq_qft,18,0.0743567943572998
cirq_qft,18,0.07438254356384277
cirq_qft,18,0.0746297836303711
cirq_qft,18,0.07437682151794434
cirq_qft,18,0.07409334182739258
cirq_qft,18,0.07425642013549805
cirq_qft,18,0.07437682151794434
cirq_qft,18,0.07457232475280762
cirq_qft,18,0.07434487342834473
cirq_qft,18,0.07420563697814941
cirq_qft,18,0.07437443733215332
cirq_qft,18,0.07455730438232422
cirq_qft,18,0.07428669929504395
cirq_qft,18,0.07410597801208496
cirq_qft,18,0.07420849800109863
cirq_qft,18,0.07450127601623535
cirq_qft,18,0.07438826560974121
cirq_qft,18,0.0744636058807373
cirq_qft,18,0.07419967651367188
cirq_qft,18,0.07438302040100098
cirq_qft,18,0.07430720329284668
cirq_qft,18,0.07416391372680664
cirq_qft,18,0.07428574562072754
cirq_qft,18,0.07422065734863281
cirq_qft,18,0.07406926155090332
cirq_qft,18,0.07449650764465332
cirq_qft,18,0.07445693016052246
cirq_qft,18,0.07447528839111328
cirq_qft,18,0.0743861198425293
cirq_qft,18,0.07427692413330078
cirq_qft,18,0.07452845573425293
cirq_qft,18,0.07403922080993652
cirq_qft,18,0.07486367225646973
cirq_qft,18,0.07449078559875488
cirq_qft,18,0.07431817054748535
cirq_qft,18,0.07430124282836914
cirq_qft,18,0.07436299324035645
cirq_qft,18,0.0743105411529541
cirq_qft,18,0.07459330558776855
cirq_qft,18,0.07421612739562988
cirq_qft,18,0.0744025707244873
cirq_qft,18,0.07440590858459473
cirq_qft,18,0.07441282272338867
cirq_qft,18,0.07433700561523438
cirq_qft,18,0.07398653030395508
cirq_qft,19,0.13997554779052734
cirq_qft,19,0.13841795921325684
cirq_qft,19,0.13725614547729492
cirq_qft,19,0.13738727569580078
cirq_qft,19,0.13710308074951172
cirq_qft,19,0.1369173526763916
cirq_qft,19,0.13689517974853516
cirq_qft,19,0.13713407516479492
cirq_qft,19,0.13728618621826172
cirq_qft,19,0.13710498809814453
cirq_qft,19,0.13672995567321777
cirq_qft,19,0.1373274326324463
cirq_qft,19,0.13869690895080566
cirq_qft,19,0.13727331161499023
cirq_qft,19,0.13765740394592285
cirq_qft,19,0.13720202445983887
cirq_qft,19,0.1373894214630127
cirq_qft,19,0.1375415325164795
cirq_qft,19,0.13693714141845703
cirq_qft,19,0.13681459426879883
cirq_qft,19,0.1375565528869629
cirq_qft,19,0.13756370544433594
cirq_qft,19,0.13800716400146484
cirq_qft,19,0.13869953155517578
cirq_qft,19,0.13765168190002441
cirq_qft,19,0.1374495029449463
cirq_qft,19,0.13722753524780273
cirq_qft,19,0.13727879524230957
cirq_qft,19,0.1373603343963623
cirq_qft,19,0.13750815391540527
cirq_qft,19,0.13704466819763184
cirq_qft,19,0.13684296607971191
cirq_qft,19,0.13676691055297852
cirq_qft,19,0.13708972930908203
cirq_qft,19,0.13636136054992676
cirq_qft,19,0.13638806343078613
cirq_qft,19,0.13681459426879883
cirq_qft,19,0.13687825202941895
cirq_qft,19,0.1367347240447998
cirq_qft,19,0.13747286796569824
cirq_qft,19,0.13749146461486816
cirq_qft,19,0.13794994354248047
cirq_qft,19,0.1373429298400879
cirq_qft,19,0.13743829727172852
cirq_qft,19,0.13701725006103516
cirq_qft,19,0.13695549964904785
cirq_qft,19,0.13687777519226074
cirq_qft,19,0.13711810111999512
cirq_qft,19,0.13680100440979004
cirq_qft,19,0.1369314193725586
cirq_qft,19,0.13699555397033691
cirq_qft,19,0.13841509819030762
cirq_qft,19,0.13690948486328125
cirq_qft,19,0.13736939430236816
cirq_qft,19,0.13802218437194824
cirq_qft,19,0.13752031326293945
cirq_qft,19,0.1371471881866455
cirq_qft,19,0.13686680793762207
cirq_qft,19,0.13701415061950684
cirq_qft,19,0.1371324062347412
cirq_qft,19,0.1376650333404541
cirq_qft,19,0.13703274726867676
cirq_qft,19,0.13740181922912598
cirq_qft,19,0.13724780082702637
cirq_qft,19,0.13698649406433105
cirq_qft,19,0.13695383071899414
cirq_qft,19,0.13689565658569336
cirq_qft,19,0.1369774341583252
cirq_qft,19,0.13708162307739258
cirq_qft,19,0.13738203048706055
cirq_qft,19,0.13734126091003418
cirq_qft,19,0.13667535781860352
cirq_qft,19,0.1374516487121582
cirq_qft,19,0.13700222969055176
cirq_qft,19,0.13688349723815918
cirq_qft,19,0.13679981231689453
cirq_qft,19,0.13729572296142578
cirq_qft,19,0.13705730438232422
cirq_qft,19,0.13692522048950195
cirq_qft,19,0.13659429550170898
cirq_qft,19,0.13687992095947266
cirq_qft,19,0.137495756149292
cirq_qft,19,0.13712573051452637
cirq_qft,19,0.13776636123657227
cirq_qft,19,0.13789820671081543
cirq_qft,19,0.13773894309997559
cirq_qft,19,0.13675761222839355
cirq_qft,19,0.13756823539733887
cirq_qft,19,0.13695454597473145
cirq_qft,19,0.1378023624420166
cirq_qft,19,0.1377723217010498
cirq_qft,19,0.13729548454284668
cirq_qft,19,0.13706707954406738
cirq_qft,19,0.1364281177520752
cirq_qft,19,0.13632583618164062
cirq_qft,19,0.13712644577026367
cirq_qft,19,0.13700342178344727
cirq_qft,19,0.1367485523223877
cirq_qft,19,0.13695359230041504
cirq_qft,19,0.13778996467590332
cirq_qft,20,0.27637410163879395
cirq_qft,20,0.2742636203765869
cirq_qft,20,0.2698802947998047
cirq_qft,20,0.26859116554260254
cirq_qft,20,0.26899147033691406
cirq_qft,20,0.2727482318878174
cirq_qft,20,0.2706031799316406
cirq_qft,20,0.27060890197753906
cirq_qft,20,0.26860618591308594
cirq_qft,20,0.26868772506713867
cirq_qft,20,0.269559383392334
cirq_qft,20,0.2700026035308838
cirq_qft,20,0.26660585403442383
cirq_qft,20,0.26686835289001465
cirq_qft,20,0.2690002918243408
cirq_qft,20,0.2700200080871582
cirq_qft,20,0.2680091857910156
cirq_qft,20,0.2704923152923584
cirq_qft,20,0.2701091766357422
cirq_qft,20,0.2701239585876465
cirq_qft,20,0.273296594619751
cirq_qft,20,0.27027010917663574
cirq_qft,20,0.2684898376464844
cirq_qft,20,0.2680041790008545
cirq_qft,20,0.26923322677612305
cirq_qft,20,0.26789283752441406
cirq_qft,20,0.26917028427124023
cirq_qft,20,0.2674374580383301
cirq_qft,20,0.2721281051635742
cirq_qft,20,0.2688922882080078
cirq_qft,20,0.2700679302215576
cirq_qft,20,0.27000880241394043
cirq_qft,20,0.2679471969604492
cirq_qft,20,0.271958589553833
cirq_qft,20,0.2716810703277588
cirq_qft,20,0.2769355773925781
cirq_qft,20,0.26979613304138184
cirq_qft,20,0.2803025245666504
cirq_qft,20,0.2747173309326172
cirq_qft,20,0.270552396774292
cirq_qft,20,0.2708613872528076
cirq_qft,20,0.26728153228759766
cirq_qft,20,0.26900768280029297
cirq_qft,20,0.2699441909790039
cirq_qft,20,0.2761411666870117
cirq_qft,20,0.2708399295806885
cirq_qft,20,0.27151942253112793
cirq_qft,20,0.2734663486480713
cirq_qft,20,0.2712883949279785
cirq_qft,20,0.26866626739501953
cirq_qft,20,0.2683382034301758
cirq_qft,20,0.2735481262207031
cirq_qft,20,0.2702178955078125
cirq_qft,20,0.27020859718322754
cirq_qft,20,0.2758612632751465
cirq_qft,20,0.2728557586669922
cirq_qft,20,0.2700355052947998
cirq_qft,20,0.268749475479126
cirq_qft,20,0.2681427001953125
cirq_qft,20,0.27025914192199707
cirq_qft,20,0.27028512954711914
cirq_qft,20,0.27120184898376465
cirq_qft,20,0.2719712257385254
cirq_qft,20,0.2682020664215088
cirq_qft,20,0.27199316024780273
cirq_qft,20,0.272918701171875
cirq_qft,20,0.2719461917877197
cirq_qft,20,0.2689175605773926
cirq_qft,20,0.2690141201019287
cirq_qft,20,0.26975154876708984
cirq_qft,20,0.2704789638519287
cirq_qft,20,0.2715647220611572
cirq_qft,20,0.26758670806884766
cirq_qft,20,0.2673323154449463
cirq_qft,20,0.26719164848327637
cirq_qft,20,0.27056264877319336
cirq_qft,20,0.26962947845458984
cirq_qft,20,0.26890063285827637
cirq_qft,20,0.27016544342041016
cirq_qft,20,0.2724161148071289
cirq_qft,20,0.27450084686279297
cirq_qft,20,0.27399420738220215
cirq_qft,20,0.27004432678222656
cirq_qft,20,0.26619648933410645
cirq_qft,20,0.2682168483734131
cirq_qft,20,0.26841115951538086
cirq_qft,20,0.268996000289917
cirq_qft,20,0.27210426330566406
cirq_qft,20,0.2688143253326416
cirq_qft,20,0.2689807415008545
cirq_qft,20,0.2722148895263672
cirq_qft,20,0.27132368087768555
cirq_qft,20,0.2688877582550049
cirq_qft,20,0.2704901695251465
cirq_qft,20,0.273207426071167
cirq_qft,20,0.26961326599121094
cirq_qft,20,0.2694113254547119
cirq_qft,20,0.27183985710144043
cirq_qft,20,0.2730109691619873
cirq_qft,20,0.2680048942565918
cirq_qft,21,0.6062018871307373
cirq_qft,21,0.58693528175354
cirq_qft,21,0.5907809734344482
cirq_qft,21,0.5994553565979004
cirq_qft,21,0.5848462581634521
cirq_qft,21,0.5816535949707031
cirq_qft,21,0.5941765308380127
cirq_qft,21,0.5894310474395752
cirq_qft,21,0.5940718650817871
cirq_qft,21,0.5912349224090576
cirq_qft,21,0.5873832702636719
cirq_qft,21,0.5780134201049805
cirq_qft,21,0.5990762710571289
cirq_qft,21,0.5868713855743408
cirq_qft,21,0.5853574275970459
cirq_qft,21,0.5832946300506592
cirq_qft,21,0.5949585437774658
cirq_qft,21,0.5844645500183105
cirq_qft,21,0.5951032638549805
cirq_qft,21,0.5836656093597412
cirq_qft,21,0.5954937934875488
cirq_qft,21,0.5877072811126709
cirq_qft,21,0.5781347751617432
cirq_qft,21,0.5959804058074951
cirq_qft,21,0.5961239337921143
cirq_qft,21,0.5789799690246582
cirq_qft,21,0.58670973777771
cirq_qft,21,0.5949437618255615
cirq_qft,21,0.5883824825286865
cirq_qft,21,0.5954601764678955
cirq_qft,21,0.5998399257659912
cirq_qft,21,0.5896341800689697
cirq_qft,21,0.5864317417144775
cirq_qft,21,0.5888714790344238
cirq_qft,21,0.5959391593933105
cirq_qft,21,0.5919036865234375
cirq_qft,21,0.5850338935852051
cirq_qft,21,0.5908992290496826
cirq_qft,21,0.5710549354553223
cirq_qft,21,0.5869877338409424
cirq_qft,21,0.5866262912750244
cirq_qft,21,0.5801253318786621
cirq_qft,21,0.5907464027404785
cirq_qft,21,0.5888683795928955
cirq_qft,21,0.5918951034545898
cirq_qft,21,0.5919351577758789
cirq_qft,21,0.5917911529541016
cirq_qft,21,0.5819394588470459
cirq_qft,21,0.5916495323181152
cirq_qft,21,0.5973591804504395
cirq_qft,21,0.5901410579681396
cirq_qft,21,0.5905630588531494
cirq_qft,21,0.5781974792480469
cirq_qft,21,0.5953671932220459
cirq_qft,21,0.5826520919799805
cirq_qft,21,0.5896475315093994
cirq_qft,21,0.5929019451141357
cirq_qft,21,0.5956659317016602
cirq_qft,21,0.593541145324707
cirq_qft,21,0.5858962535858154
cirq_qft,21,0.5966446399688721
cirq_qft,21,0.5894320011138916
cirq_qft,21,0.5746400356292725
cirq_qft,21,0.5908913612365723
cirq_qft,21,0.5860350131988525
cirq_qft,21,0.5874536037445068
cirq_qft,21,0.5831189155578613
cirq_qft,21,0.5910525321960449
cirq_qft,21,0.5934159755706787
cirq_qft,21,0.5940456390380859
cirq_qft,21,0.5939130783081055
cirq_qft,21,0.5946156978607178
cirq_qft,21,0.587721586227417
cirq_qft,21,0.5929594039916992
cirq_qft,21,0.5878503322601318
cirq_qft,21,0.5751397609710693
cirq_qft,21,0.5826876163482666
cirq_qft,21,0.5878410339355469
cirq_qft,21,0.5958302021026611
cirq_qft,21,0.5872964859008789
cirq_qft,21,0.6049928665161133
cirq_qft,21,0.588437557220459
cirq_qft,21,0.5900998115539551
cirq_qft,21,0.5907149314880371
cirq_qft,21,0.5897355079650879
cirq_qft,21,0.5934805870056152
cirq_qft,21,0.5992639064788818
cirq_qft,21,0.5975537300109863
cirq_qft,21,0.5959973335266113
cirq_qft,21,0.5965921878814697
cirq_qft,21,0.5907313823699951
cirq_qft,21,0.5926504135131836
cirq_qft,21,0.609755277633667
cirq_qft,21,0.5998189449310303
cirq_qft,21,0.5921101570129395
cirq_qft,21,0.5895988941192627
cirq_qft,21,0.6050803661346436
cirq_qft,21,0.589841365814209
cirq_qft,21,0.5993733406066895
cirq_qft,21,0.5926220417022705
cirq_qft,22,1.346864938735962
cirq_qft,22,1.3519892692565918
cirq_qft,22,1.334932804107666
cirq_qft,22,1.340852975845337
cirq_qft,22,1.3336331844329834
cirq_qft,22,1.3467087745666504
cirq_qft,22,1.3342995643615723
cirq_qft,22,1.3311562538146973
cirq_qft,22,1.326549768447876
cirq_qft,22,1.334296703338623
cirq_qft,22,1.3325262069702148
cirq_qft,22,1.3573262691497803
cirq_qft,22,1.3273239135742188
cirq_qft,22,1.3326911926269531
cirq_qft,22,1.3452012538909912
cirq_qft,22,1.3356990814208984
cirq_qft,22,1.334418535232544
cirq_qft,22,1.3334569931030273
cirq_qft,22,1.333631992340088
cirq_qft,22,1.336803674697876
cirq_qft,22,1.3350162506103516
cirq_qft,22,1.33758544921875
cirq_qft,22,1.3425641059875488
cirq_qft,22,1.345423936843872
cirq_qft,22,1.332643985748291
cirq_qft,22,1.339695930480957
cirq_qft,22,1.3456323146820068
cirq_qft,22,1.3437364101409912
cirq_qft,22,1.3436620235443115
cirq_qft,22,1.340461015701294
cirq_qft,22,1.3439278602600098
cirq_qft,22,1.3392760753631592
cirq_qft,22,1.350313663482666
cirq_qft,22,1.332643747329712
cirq_qft,22,1.342296838760376
cirq_qft,22,1.354893684387207
cirq_qft,22,1.3539888858795166
cirq_qft,22,1.3265736103057861
cirq_qft,22,1.3276784420013428
cirq_qft,22,1.3385086059570312
cirq_qft,22,1.348390817642212
cirq_qft,22,1.342221736907959
cirq_qft,22,1.3475525379180908
cirq_qft,22,1.3430235385894775
cirq_qft,22,1.3381743431091309
cirq_qft,22,1.3396739959716797
cirq_qft,22,1.3387610912322998
cirq_qft,22,1.3374526500701904
cirq_qft,22,1.340144157409668
cirq_qft,22,1.3362879753112793
cirq_qft,22,1.3293325901031494
cirq_qft,22,1.3549277782440186
cirq_qft,22,1.3460025787353516
cirq_qft,22,1.3463621139526367
cirq_qft,22,1.3542823791503906
cirq_qft,22,1.3591184616088867
cirq_qft,22,1.351255178451538
cirq_qft,22,1.3448593616485596
cirq_qft,22,1.3382198810577393
cirq_qft,22,1.3474178314208984
cirq_qft,22,1.348236083984375
cirq_qft,22,1.3500854969024658
cirq_qft,22,1.3394372463226318
cirq_qft,22,1.3426811695098877
cirq_qft,22,1.3507881164550781
cirq_qft,22,1.3389630317687988
cirq_qft,22,1.3442602157592773
cirq_qft,22,1.3370110988616943
cirq_qft,22,1.350942850112915
cirq_qft,22,1.3472232818603516
cirq_qft,22,1.3388280868530273
cirq_qft,22,1.347632646560669
cirq_qft,22,1.3548047542572021
cirq_qft,22,1.3485350608825684
cirq_qft,22,1.3412766456604004
cirq_qft,22,1.3356904983520508
cirq_qft,22,1.318422555923462
cirq_qft,22,1.3257369995117188
cirq_qft,22,1.3313627243041992
cirq_qft,22,1.332057237625122
cirq_qft,22,1.3213963508605957
cirq_qft,22,1.3268940448760986
cirq_qft,22,1.3254938125610352
cirq_qft,22,1.3269233703613281
cirq_qft,22,1.3255729675292969
cirq_qft,22,1.3376691341400146
cirq_qft,22,1.3397862911224365
cirq_qft,22,1.3355414867401123
cirq_qft,22,1.3392982482910156
cirq_qft,22,1.3362746238708496
cirq_qft,22,1.336658239364624
cirq_qft,22,1.34324049949646
cirq_qft,22,1.341627836227417
cirq_qft,22,1.330683708190918
cirq_qft,22,1.3357429504394531
cirq_qft,22,1.3336589336395264
cirq_qft,22,1.3322181701660156
cirq_qft,22,1.3425886631011963
cirq_qft,22,1.3433218002319336
cirq_qft,22,1.3405513763427734
cirq_qft,23,2.8416531085968018
cirq_qft,23,2.837597370147705
cirq_qft,23,2.8489298820495605
cirq_qft,23,2.8426191806793213
cirq_qft,23,2.8476226329803467
cirq_qft,23,2.860563039779663
cirq_qft,23,2.857638359069824
cirq_qft,23,2.8616814613342285
cirq_qft,23,2.8669865131378174
cirq_qft,23,2.875016927719116
cirq_qft,23,2.8612725734710693
cirq_qft,23,2.8723256587982178
cirq_qft,23,2.8703222274780273
cirq_qft,23,2.868194341659546
cirq_qft,23,2.873303174972534
cirq_qft,23,2.8731582164764404
cirq_qft,23,2.8612184524536133
cirq_qft,23,2.8639156818389893
cirq_qft,23,2.8663973808288574
cirq_qft,23,2.8798389434814453
cirq_qft,23,2.870530128479004
cirq_qft,23,2.8836312294006348
cirq_qft,23,2.88110089302063
cirq_qft,23,2.8879048824310303
cirq_qft,23,2.908512592315674
cirq_qft,23,2.8919878005981445
cirq_qft,23,2.8871779441833496
cirq_qft,23,2.8853726387023926
cirq_qft,23,2.870206356048584
cirq_qft,23,2.8699300289154053
cirq_qft,23,2.871577739715576
cirq_qft,23,2.854123830795288
cirq_qft,23,2.8608014583587646
cirq_qft,23,2.8769938945770264
cirq_qft,23,2.8662045001983643
cirq_qft,23,2.8477866649627686
cirq_qft,23,2.854703903198242
cirq_qft,23,2.855726480484009
cirq_qft,23,2.856929302215576
cirq_qft,23,2.853386878967285
cirq_qft,23,2.8461976051330566
cirq_qft,23,2.8372747898101807
cirq_qft,23,2.851175546646118
cirq_qft,23,2.8533759117126465
cirq_qft,23,2.8593626022338867
cirq_qft,23,2.8482296466827393
cirq_qft,23,2.847452163696289
cirq_qft,23,2.858455181121826
cirq_qft,23,2.8490333557128906
cirq_qft,23,2.848444938659668
cirq_qft,23,2.8648998737335205
cirq_qft,23,2.8576278686523438
cirq_qft,23,2.8538501262664795
cirq_qft,23,2.849144697189331
cirq_qft,23,2.8450193405151367
cirq_qft,23,2.8599002361297607
cirq_qft,23,2.849191427230835
cirq_qft,23,2.856804847717285
cirq_qft,23,2.8581833839416504
cirq_qft,23,2.8563179969787598
cirq_qft,23,2.8521313667297363
cirq_qft,23,2.8400111198425293
cirq_qft,23,2.8488516807556152
cirq_qft,23,2.852372646331787
cirq_qft,23,2.847594738006592
cirq_qft,23,2.844895601272583
cirq_qft,23,2.8362884521484375
cirq_qft,23,2.870100259780884
cirq_qft,23,2.8613369464874268
cirq_qft,23,2.8785133361816406
cirq_qft,23,2.8766303062438965
cirq_qft,23,2.8624770641326904
cirq_qft,23,2.8444738388061523
cirq_qft,23,2.8582441806793213
cirq_qft,23,2.8415307998657227
cirq_qft,23,2.846752643585205
cirq_qft,23,2.854617118835449
cirq_qft,23,2.8488988876342773
cirq_qft,23,2.8479583263397217
cirq_qft,23,2.860708475112915
cirq_qft,23,2.8348891735076904
cirq_qft,23,2.8431549072265625
cirq_qft,23,2.849926710128784
cirq_qft,23,2.8487253189086914
cirq_qft,23,2.8564586639404297
cirq_qft,23,2.8506152629852295
cirq_qft,23,2.8529937267303467
cirq_qft,23,2.8474183082580566
cirq_qft,23,2.8533217906951904
cirq_qft,23,2.8535637855529785
cirq_qft,23,2.8391470909118652
cirq_qft,23,2.84786319732666
cirq_qft,23,2.8494505882263184
cirq_qft,23,2.849937915802002
cirq_qft,23,2.8557350635528564
cirq_qft,23,2.85141921043396
cirq_qft,23,2.848172903060913
cirq_qft,23,2.8575217723846436
cirq_qft,23,2.8457400798797607
cirq_qft,23,2.853304862976074
cirq_qft,24,5.969441890716553
cirq_qft,24,5.968714952468872
cirq_qft,24,6.008111000061035
cirq_qft,24,6.0132896900177
cirq_qft,24,5.99053168296814
cirq_qft,24,5.988086938858032
cirq_qft,24,5.978294849395752
cirq_qft,24,5.988963603973389
cirq_qft,24,5.992159843444824
cirq_qft,24,6.004676342010498
cirq_qft,24,5.985912322998047
cirq_qft,24,6.0025036334991455
cirq_qft,24,5.984088659286499
cirq_qft,24,6.000881910324097
cirq_qft,24,6.00354266166687
cirq_qft,24,5.994483947753906
cirq_qft,24,6.02007794380188
cirq_qft,24,6.001628160476685
cirq_qft,24,6.008165121078491
cirq_qft,24,6.019491672515869
cirq_qft,24,6.023857116699219
cirq_qft,24,6.011397838592529
cirq_qft,24,6.017163515090942
cirq_qft,24,6.0138468742370605
cirq_qft,24,6.024508476257324
cirq_qft,24,6.00861382484436
cirq_qft,24,6.009291410446167
cirq_qft,24,6.0130696296691895
cirq_qft,24,6.009447336196899
cirq_qft,24,6.0125017166137695
cirq_qft,24,6.009050130844116
cirq_qft,24,6.020615100860596
cirq_qft,24,6.008119821548462
cirq_qft,24,6.0199363231658936
cirq_qft,24,6.016363143920898
cirq_qft,24,6.01144552230835
cirq_qft,24,6.0309553146362305
cirq_qft,24,6.056141138076782
cirq_qft,24,6.041946172714233
cirq_qft,24,6.046194076538086
cirq_qft,24,6.049600124359131
cirq_qft,24,6.051908493041992
cirq_qft,24,6.042866945266724
cirq_qft,24,6.022310733795166
cirq_qft,24,5.968059301376343
cirq_qft,24,5.966869115829468
cirq_qft,24,5.976563453674316
cirq_qft,24,5.97426176071167
cirq_qft,24,6.001772403717041
cirq_qft,24,6.00617241859436
cirq_qft,24,5.996798515319824
cirq_qft,24,5.965931415557861
cirq_qft,24,6.009437799453735
cirq_qft,24,5.979123592376709
cirq_qft,24,5.980896472930908
cirq_qft,24,6.003488302230835
cirq_qft,24,5.969658374786377
cirq_qft,24,5.980668783187866
cirq_qft,24,6.022129774093628
cirq_qft,24,5.973413705825806
cirq_qft,24,5.960580110549927
cirq_qft,24,6.0042712688446045
cirq_qft,24,5.969979286193848
cirq_qft,24,5.974141836166382
cirq_qft,24,6.009878635406494
cirq_qft,24,5.978847980499268
cirq_qft,24,5.9676337242126465
cirq_qft,24,5.9986608028411865
cirq_qft,24,5.974916458129883
cirq_qft,24,5.9754369258880615
cirq_qft,24,5.994880437850952
cirq_qft,24,5.964921236038208
cirq_qft,24,5.963582754135132
cirq_qft,24,6.0104005336761475
cirq_qft,24,5.973845720291138
cirq_qft,24,5.9742207527160645
cirq_qft,24,5.999222278594971
cirq_qft,24,5.962780952453613
cirq_qft,24,5.9706871509552
cirq_qft,24,6.006942272186279
cirq_qft,24,5.965433120727539
cirq_qft,24,5.9754297733306885
cirq_qft,24,6.0042877197265625
cirq_qft,24,5.979554176330566
cirq_qft,24,5.963529586791992
cirq_qft,24,5.9990394115448
cirq_qft,24,5.980060815811157
cirq_qft,24,5.977521181106567
cirq_qft,24,6.003760814666748
cirq_qft,24,5.972562313079834
cirq_qft,24,5.9699647426605225
cirq_qft,24,6.006814479827881
cirq_qft,24,5.961864471435547
cirq_qft,24,5.966756582260132
cirq_qft,24,5.996310234069824
cirq_qft,24,5.97363805770874
cirq_qft,24,5.979482412338257
cirq_qft,24,6.001389980316162
cirq_qft,24,5.968149662017822
cirq_qft,24,5.96868896484375
cirq_qft,25,12.586344003677368
cirq_qft,25,12.486137390136719
cirq_qft,25,12.478193998336792
cirq_qft,25,12.50495433807373
cirq_qft,25,12.489398956298828
cirq_qft,25,12.595990896224976
cirq_qft,25,12.590776443481445
cirq_qft,25,12.59227466583252
cirq_qft,25,12.583922624588013
cirq_qft,25,12.597450971603394
cirq_qft,25,12.584479570388794
cirq_qft,25,12.590506792068481
cirq_qft,25,12.600802659988403
cirq_qft,25,12.597199201583862
cirq_qft,25,12.59000825881958
cirq_qft,25,12.587608098983765
cirq_qft,25,12.58130955696106
cirq_qft,25,12.593690395355225
cirq_qft,25,12.57699179649353
cirq_qft,25,12.584681034088135
cirq_qft,25,12.51444411277771
cirq_qft,25,12.525145053863525
cirq_qft,25,12.512488842010498
cirq_qft,25,12.523613214492798
cirq_qft,25,12.524738311767578
cirq_qft,25,12.523614168167114
cirq_qft,25,12.50621247291565
cirq_qft,25,12.518325805664062
cirq_qft,25,12.503262996673584
cirq_qft,25,12.515669107437134
cirq_qft,25,12.50325608253479
cirq_qft,25,12.527159690856934
cirq_qft,25,12.528249740600586
cirq_qft,25,12.525019884109497
cirq_qft,25,12.515889883041382
cirq_qft,25,12.522133827209473
cirq_qft,25,12.517747402191162
cirq_qft,25,12.527717113494873
cirq_qft,25,12.526982307434082
cirq_qft,25,12.536033630371094
cirq_qft,25,12.525115728378296
cirq_qft,25,12.510251522064209
cirq_qft,25,12.489493608474731
cirq_qft,25,12.511029243469238
cirq_qft,25,12.516078472137451
cirq_qft,25,12.551435232162476
cirq_qft,25,12.531802415847778
cirq_qft,25,12.535966157913208
cirq_qft,25,12.544992923736572
cirq_qft,25,12.556174755096436
cirq_qft,25,12.522819519042969
cirq_qft,25,12.525091648101807
cirq_qft,25,12.539953470230103
cirq_qft,25,12.52429986000061
cirq_qft,25,12.51624846458435
cirq_qft,25,12.509298324584961
cirq_qft,25,12.506778955459595
cirq_qft,25,12.507752656936646
cirq_qft,25,12.505493640899658
cirq_qft,25,12.520036697387695
cirq_qft,25,12.514581680297852
cirq_qft,25,12.544525861740112
cirq_qft,25,12.505353927612305
cirq_qft,25,12.536206483840942
cirq_qft,25,12.523093223571777
cirq_qft,25,12.52411961555481
cirq_qft,25,12.512029647827148
cirq_qft,25,12.529385328292847
cirq_qft,25,12.3420889377594
cirq_qft,25,12.558693885803223
cirq_qft,25,12.526875972747803
cirq_qft,25,12.534834146499634
cirq_qft,25,12.506772518157959
cirq_qft,25,12.532012701034546
cirq_qft,25,12.517979145050049
cirq_qft,25,12.501702070236206
cirq_qft,25,12.507339239120483
cirq_qft,25,12.525259971618652
cirq_qft,25,12.51087498664856
cirq_qft,25,12.553804159164429
cirq_qft,25,12.520450592041016
cirq_qft,25,12.513238191604614
cirq_qft,25,12.501482486724854
cirq_qft,25,12.514476299285889
cirq_qft,25,12.501703262329102
cirq_qft,25,12.519877672195435
cirq_qft,25,12.53036642074585
cirq_qft,25,12.52538800239563
cirq_qft,25,12.503650665283203
cirq_qft,25,12.513775825500488
cirq_qft,25,12.502941370010376
cirq_qft,25,12.522749185562134
cirq_qft,25,12.515440940856934
cirq_qft,25,12.528499126434326
cirq_qft,25,12.533092260360718
cirq_qft,25,12.52533507347107
cirq_qft,25,12.517434120178223
cirq_qft,25,12.546907901763916
cirq_qft,25,12.547787189483643
cirq_qft,25,12.530046939849854
cirq_qft,26,26.239997148513794
cirq_qft,26,26.211390495300293
cirq_qft,26,26.303446531295776
cirq_qft,26,26.149104595184326
cirq_qft,26,26.140232801437378
cirq_qft,26,26.13704752922058
cirq_qft,26,26.139840126037598
cirq_qft,26,26.189583778381348
cirq_qft,26,26.185920238494873
cirq_qft,26,26.1610689163208
cirq_qft,26,26.172869443893433
cirq_qft,26,26.173137187957764
cirq_qft,26,26.17296314239502
cirq_qft,26,26.146724224090576
cirq_qft,26,26.192112922668457
cirq_qft,26,26.157522439956665
cirq_qft,26,26.172114849090576
cirq_qft,26,26.15271782875061
cirq_qft,26,26.16300678253174
cirq_qft,26,26.165560483932495
cirq_qft,26,26.20967411994934
cirq_qft,26,26.178861141204834
cirq_qft,26,26.16792392730713
cirq_qft,26,26.039573192596436
cirq_qft,26,26.10713267326355
cirq_qft,26,26.052132606506348
cirq_qft,26,26.094677209854126
cirq_qft,26,26.077216148376465
cirq_qft,26,26.092146396636963
cirq_qft,26,26.0539710521698
cirq_qft,26,26.082871198654175
cirq_qft,26,26.041175842285156
cirq_qft,26,26.050574779510498
cirq_qft,26,26.092986822128296
cirq_qft,26,26.090468883514404
cirq_qft,26,26.059027433395386
cirq_qft,26,26.074610471725464
cirq_qft,26,26.035696029663086
cirq_qft,26,26.06188702583313
cirq_qft,26,26.071600437164307
cirq_qft,26,26.06846570968628
cirq_qft,26,26.06708073616028
cirq_qft,26,26.097785711288452
cirq_qft,26,26.072787046432495
cirq_qft,26,26.096763372421265
cirq_qft,26,26.064025163650513
cirq_qft,26,26.080638647079468
cirq_qft,26,26.089360237121582
cirq_qft,26,26.107000827789307
cirq_qft,26,26.095555543899536
cirq_qft,26,26.122201681137085
cirq_qft,26,26.124520778656006
cirq_qft,26,26.20461416244507
cirq_qft,26,26.250441551208496
cirq_qft,26,26.234940767288208
cirq_qft,26,26.226670503616333
cirq_qft,26,26.225743770599365
cirq_qft,26,26.224276065826416
cirq_qft,26,26.166184902191162
cirq_qft,26,26.176496267318726
cirq_qft,26,26.194621801376343
cirq_qft,26,26.17642879486084
cirq_qft,26,26.257320642471313
cirq_qft,26,26.18575096130371
cirq_qft,26,26.176311492919922
cirq_qft,26,26.180331468582153
cirq_qft,26,26.178704977035522
cirq_qft,26,26.165817499160767
cirq_qft,26,26.173842430114746
cirq_qft,26,26.16311478614807
cirq_qft,26,26.216612339019775
cirq_qft,26,26.204425573349
cirq_qft,26,26.266983032226562
cirq_qft,26,26.213476181030273
cirq_qft,26,26.229467153549194
cirq_qft,26,26.211368322372437
cirq_qft,26,26.227445602416992
cirq_qft,26,26.1786105632782
cirq_qft,26,26.169873237609863
cirq_qft,26,26.163581371307373
cirq_qft,26,26.227182865142822
cirq_qft,26,26.159634113311768
cirq_qft,26,26.198485851287842
cirq_qft,26,26.222601652145386
cirq_qft,26,26.252505779266357
cirq_qft,26,26.20526361465454
cirq_qft,26,26.302959203720093
cirq_qft,26,26.483705282211304
cirq_qft,26,26.404853343963623
cirq_qft,26,26.292643547058105
cirq_qft,26,26.31917905807495
cirq_qft,26,26.331619262695312
cirq_qft,26,26.33580446243286
cirq_qft,26,26.349474668502808
cirq_qft,26,26.340152263641357
cirq_qft,26,26.307668209075928
cirq_qft,26,26.325181245803833
cirq_qft,26,26.29789400100708
cirq_qft,26,26.304905891418457
cirq_qft,26,26.312340259552002
cirq_qft,27,54.84119629859924
cirq_qft,27,54.67026734352112
cirq_qft,27,54.77744770050049
cirq_qft,27,54.70122051239014
cirq_qft,27,54.79684019088745
cirq_qft,27,54.781170129776
cirq_qft,27,54.85546064376831
cirq_qft,27,54.69098162651062
cirq_qft,27,54.779479026794434
cirq_qft,27,54.736457109451294
cirq_qft,27,54.839998960494995
cirq_qft,27,54.783586263656616
cirq_qft,27,54.81473684310913
cirq_qft,27,54.758851051330566
cirq_qft,27,54.880502462387085
cirq_qft,27,54.77970480918884
cirq_qft,27,54.87561631202698
cirq_qft,27,54.78194189071655
cirq_qft,27,54.85416865348816
cirq_qft,27,55.23152565956116
cirq_qft,27,54.86367869377136
cirq_qft,27,54.806421518325806
cirq_qft,27,54.87607741355896
cirq_qft,27,54.86126399040222
cirq_qft,27,54.95651960372925
cirq_qft,27,54.82534718513489
cirq_qft,27,54.90715932846069
cirq_qft,27,54.777074337005615
cirq_qft,27,54.82806992530823
cirq_qft,27,54.738287925720215
cirq_qft,27,54.81850624084473
cirq_qft,27,54.764763593673706
cirq_qft,27,54.819966316223145
cirq_qft,27,54.78917384147644
cirq_qft,27,54.87215542793274
cirq_qft,27,54.79861521720886
cirq_qft,27,54.860530853271484
cirq_qft,27,54.73987364768982
cirq_qft,27,54.87322163581848
cirq_qft,27,54.85904598236084
cirq_qft,27,54.93862223625183
cirq_qft,27,54.78559160232544
cirq_qft,27,54.8540141582489
cirq_qft,27,54.86363339424133
cirq_qft,27,54.90408992767334
cirq_qft,27,54.793885469436646
cirq_qft,27,54.83827042579651
cirq_qft,27,54.79172420501709
cirq_qft,27,54.91001868247986
cirq_qft,27,54.83494424819946
cirq_qft,27,54.85423564910889
cirq_qft,27,54.84614872932434
cirq_qft,27,54.87043237686157
cirq_qft,27,54.73253297805786
cirq_qft,27,54.89584994316101
cirq_qft,27,54.8468222618103
cirq_qft,27,54.8571834564209
cirq_qft,27,54.84804940223694
cirq_qft,27,54.9383065700531
cirq_qft,27,54.865508794784546
cirq_qft,27,54.89165544509888
cirq_qft,27,54.792267084121704
cirq_qft,27,54.90447378158569
cirq_qft,27,54.82010102272034
cirq_qft,27,54.87771964073181
cirq_qft,27,54.78349733352661
cirq_qft,27,54.88269901275635
cirq_qft,27,54.77040195465088
cirq_qft,27,54.91255331039429
cirq_qft,27,54.82138228416443
cirq_qft,27,54.841506481170654
cirq_qft,27,54.87383961677551
cirq_qft,27,54.87263488769531
cirq_qft,27,54.871851682662964
cirq_qft,27,54.90014982223511
cirq_qft,27,54.84566950798035
cirq_qft,27,54.89905762672424
cirq_qft,27,54.89751434326172
cirq_qft,27,54.932992696762085
cirq_qft,27,54.885473012924194
cirq_qft,27,54.88621115684509
cirq_qft,27,55.01595616340637
cirq_qft,27,55.035046339035034
cirq_qft,27,54.83894443511963
cirq_qft,27,54.95534610748291
cirq_qft,27,54.87295436859131
cirq_qft,27,54.907471656799316
cirq_qft,27,54.859368085861206
cirq_qft,27,55.04584741592407
cirq_qft,27,54.8380925655365
cirq_qft,27,54.80522394180298
cirq_qft,27,54.884692668914795
cirq_qft,27,54.90770959854126
cirq_qft,27,54.8174192905426
cirq_qft,27,54.87279939651489
cirq_qft,27,54.85132908821106
cirq_qft,27,54.87943148612976
cirq_qft,27,54.76716947555542
cirq_qft,27,54.85198950767517
cirq_qft,27,54.801525831222534
cirq_qft,28,115.13500952720642
cirq_qft,28,114.2294499874115
cirq_qft,28,115.16501450538635
cirq_qft,28,114.22509527206421
cirq_qft,28,115.0386962890625
cirq_qft,28,115.93462181091309
cirq_qft,28,116.22966146469116
cirq_qft,28,116.09742879867554
cirq_qft,28,116.10741782188416
cirq_qft,28,115.97023415565491
cirq_qft,28,116.20378971099854
cirq_qft,28,115.96366691589355
cirq_qft,28,114.7087709903717
cirq_qft,28,116.19704914093018
cirq_qft,28,115.14756989479065
cirq_qft,28,115.09947657585144
cirq_qft,28,116.18622636795044
cirq_qft,28,116.17282485961914
cirq_qft,28,116.26032257080078
cirq_qft,28,116.16098594665527
cirq_qft,28,116.21424055099487
cirq_qft,28,115.93654227256775
cirq_qft,28,116.1996955871582
cirq_qft,28,116.0440046787262
cirq_qft,28,116.35338640213013
cirq_qft,28,116.11334419250488
cirq_qft,28,116.40702867507935
cirq_qft,28,116.23327207565308
cirq_qft,28,116.23201394081116
cirq_qft,28,116.00960969924927
cirq_qft,28,116.26570200920105
cirq_qft,28,116.0619695186615
cirq_qft,28,116.3232810497284
cirq_qft,28,116.05664587020874
cirq_qft,28,116.26218700408936
cirq_qft,28,116.01105189323425
cirq_qft,28,116.44833564758301
cirq_qft,28,116.09334206581116
cirq_qft,28,116.33079838752747
cirq_qft,28,116.14935445785522
cirq_qft,28,116.32069182395935
cirq_qft,28,116.2076506614685
cirq_qft,28,116.46686673164368
cirq_qft,28,115.92006850242615
cirq_qft,28,116.43847441673279
cirq_qft,28,116.29579448699951
cirq_qft,28,116.21727514266968
cirq_qft,28,116.04209613800049
cirq_qft,28,116.16418027877808
cirq_qft,28,116.08186292648315
cirq_qft,28,116.14312076568604
cirq_qft,28,116.26650857925415
cirq_qft,28,116.2326328754425
cirq_qft,28,116.24590587615967
cirq_qft,28,116.64070796966553
cirq_qft,28,116.28208136558533
cirq_qft,28,116.35147976875305
cirq_qft,28,116.18716216087341
cirq_qft,28,116.24317789077759
cirq_qft,28,116.38223052024841
cirq_qft,28,116.24221086502075
cirq_qft,28,116.18372678756714
cirq_qft,28,116.27910852432251
cirq_qft,28,116.26748204231262
cirq_qft,28,116.27021670341492
cirq_qft,28,116.3594856262207
cirq_qft,28,116.26952505111694
cirq_qft,28,116.50491786003113
cirq_qft,28,116.47169375419617
cirq_qft,28,116.38312435150146
cirq_qft,28,116.28149032592773
cirq_qft,28,116.55997586250305
cirq_qft,28,116.37807893753052
cirq_qft,28,116.26986122131348
cirq_qft,28,116.3764533996582
cirq_qft,28,116.21818113327026
cirq_qft,28,116.05938243865967
cirq_qft,28,116.08650922775269
cirq_qft,28,116.18261361122131
cirq_qft,28,116.2425320148468
cirq_qft,28,116.27140641212463
cirq_qft,28,116.46234893798828
cirq_qft,28,115.9529664516449
cirq_qft,28,115.95208144187927
cirq_qft,28,116.16738653182983
cirq_qft,28,116.14888668060303
cirq_qft,28,116.4953122138977
cirq_qft,28,116.02969002723694
cirq_qft,28,116.05548095703125
cirq_qft,28,116.09695482254028
cirq_qft,28,116.12837481498718
cirq_qft,28,115.88149642944336
cirq_qft,28,115.4122805595398
cirq_qft,28,115.34253740310669
cirq_qft,28,115.51233959197998
cirq_qft,28,115.39584350585938
cirq_qft,28,115.63731646537781
cirq_qft,28,115.52784633636475
cirq_qft,28,115.60263180732727
cirq_qft,28,115.54720211029053
